,rho,Joh,U,TE,NE,Jtot,aMHD,Paux,Nalf,Jbs,q,TI,Nd+t,Jext,jdj,TN,Nz,Jnoh,Nath,Dn,Cn,Jnb,Nb,XiNC,shif,Jrf,Naff,He,del,Jbsa,Zeff,Xi,k,Plin,Pdte,Pex,Peic,Psyn,Pdt,Pnbe,PeEX,Prad,Pdti,Pix,Pneu,Pbrm,Poh,Pibm,PiEX,x,EQFF,rqst,bFa%,Fp,Torq,ptot,bth%,Anrm,EQPF,rst1,bnb%,xq,WkHz,pNB,dRdh
0,0.008843,1.421,0.01938,26.96,11.29,1.528,0.006044,0.04089,0.8228,0.01544,0.9086,23.49,8.471,0.09183,2.095,22.19,0.2394,0.1073,0.7302,0.06085,0,0.09183,0.02827,5.62,0.2142,3.476e-09,0.09256,0.2028,0.0,0.001705,1.753,0.4057,1.426,0.01101,0.3077,4.22e-09,0.05021,0.02429,0.5262,0.01764,0.01764,0.09401,0.2181,0,-0.0001618,0.05871,0.0007372,0.02325,0.02325,0.003279,0.6297,0.001829,1.315,1.834e-05,0.006609,1.007,7.486,0.003708,0.8936,0.01906,0.1552,0.006558,2.291,0.01745,7.061
1,0.02653,1.361,0.01942,26.95,11.29,1.487,0.01265,0.04099,0.8225,0.03334,0.9277,23.48,8.471,0.09228,2.038,22.2,0.2394,0.1256,0.73,0.06087,0,0.09228,0.02834,2.772,0.2142,5.983e-09,0.09252,0.2029,-0.02109,1.135e-05,1.753,0.4058,1.426,0.01101,0.3077,7.264e-09,0.05022,0.02428,0.526,0.01768,0.01768,0.09399,0.2181,0,-0.0001593,0.0587,0.0007189,0.02331,0.02331,0.009837,0.6291,0.003617,1.314,0.0001651,0.006625,1.007,7.484,0.01112,0.854,0.03135,0.1556,0.01312,2.291,0.0175,4.162
2,0.04422,1.316,0.01952,26.94,11.29,1.455,0.01961,0.04129,0.822,0.0451,0.9433,23.47,8.472,0.09351,1.995,22.2,0.2394,0.1386,0.7295,0.0609,0,0.09351,0.02854,1.832,0.2141,1.02e-08,0.09243,0.203,-0.02322,0.0003015,1.753,0.406,1.427,0.01101,0.3077,1.239e-08,0.05025,0.02427,0.5258,0.01781,0.01781,0.09396,0.2179,0,-0.0001572,0.05868,0.000707,0.02347,0.02347,0.0164,0.5983,0.005408,1.313,0.0004524,0.006672,1.006,7.48,0.01853,0.8521,0.0366,0.1567,0.01967,2.29,0.01762,3.278
3,0.0619,1.284,0.01964,26.91,11.29,1.434,0.0268,0.04176,0.8212,0.05452,0.9555,23.45,8.473,0.09545,1.966,22.19,0.2394,0.15,0.7289,0.06095,0,0.09545,0.02886,1.361,0.2141,1.722e-08,0.09231,0.2032,-0.0242,0.001059,1.753,0.4063,1.429,0.01101,0.3076,2.09e-08,0.0503,0.02425,0.5255,0.01802,0.01802,0.09391,0.2176,0,-0.0001552,0.05865,0.0007012,0.02374,0.02374,0.02295,0.5744,0.007179,1.311,0.0008764,0.006748,1.006,7.474,0.02592,0.8542,0.03642,0.1584,0.02623,2.289,0.01781,2.806
4,0.07959,1.26,0.01979,26.88,11.29,1.421,0.03411,0.04241,0.8201,0.06286,0.9646,23.42,8.475,0.09806,1.948,22.17,0.2394,0.1609,0.728,0.06101,0,0.09806,0.0293,1.077,0.214,2.874e-08,0.09214,0.2034,-0.02453,0.00198,1.752,0.4067,1.432,0.01101,0.3075,3.49e-08,0.05036,0.02422,0.525,0.01831,0.01831,0.09384,0.2173,0,-0.0001533,0.05861,0.0007003,0.0241,0.0241,0.02951,0.5613,0.008992,1.308,0.001434,0.006852,1.005,7.466,0.03328,0.854,0.03487,0.1608,0.03279,2.287,0.01808,2.498
5,0.09728,1.241,0.01997,26.85,11.29,1.413,0.04145,0.04324,0.8188,0.07059,0.9716,23.38,8.477,0.1013,1.937,22.15,0.2394,0.1719,0.7269,0.06109,0,0.1013,0.02986,0.8866,0.2139,4.754e-08,0.09192,0.2036,0.005597,0.002973,1.752,0.4072,1.435,0.01101,0.3073,5.772e-08,0.05043,0.02419,0.5245,0.01868,0.01868,0.09376,0.2169,0,-0.0001516,0.05856,0.000703,0.02456,0.02456,0.03607,0.5401,0.01087,1.305,0.002125,0.006986,1.003,7.455,0.04064,0.8663,0.03145,0.1638,0.03935,2.286,0.01842,2.276
6,0.115,1.226,0.02016,26.8,11.29,1.409,0.04875,0.04422,0.8172,0.07789,0.9769,23.34,8.479,0.1051,1.931,22.12,0.2394,0.183,0.7255,0.06118,0,0.1051,0.03052,0.7503,0.2137,7.791e-08,0.09167,0.2039,0.03589,0.003997,1.752,0.4079,1.437,0.01102,0.3072,9.459e-08,0.05052,0.02415,0.5238,0.01912,0.01912,0.09366,0.2164,0,-0.00015,0.0585,0.0007071,0.0251,0.0251,0.04263,0.5161,0.01282,1.301,0.002949,0.007142,1.002,7.443,0.048,0.8841,0.02825,0.1674,0.04591,2.283,0.01882,2.103
7,0.1327,1.212,0.02036,26.75,11.29,1.406,0.05602,0.04529,0.8153,0.08486,0.9809,23.29,8.481,0.1092,1.927,22.09,0.2393,0.1941,0.724,0.06129,0,0.1092,0.03123,0.6481,0.2136,1.265e-07,0.09137,0.2043,0.03574,0.005036,1.752,0.4086,1.439,0.01102,0.307,1.536e-07,0.05063,0.0241,0.523,0.0196,0.0196,0.09355,0.2158,0,-0.0001484,0.05843,0.0007131,0.02569,0.02569,0.04919,0.492,0.01485,1.297,0.003904,0.007314,1.0,7.428,0.05535,0.9042,0.02451,0.1712,0.05247,2.281,0.01926,1.965
8,0.1503,1.199,0.02056,26.7,11.29,1.405,0.0632,0.04643,0.8132,0.09157,0.984,23.24,8.484,0.1135,1.925,22.05,0.2393,0.2051,0.7222,0.06142,0,0.1135,0.03198,0.5686,0.2134,2.035e-07,0.09103,0.2047,0.03492,0.006079,1.751,0.4094,1.44,0.01103,0.3068,2.471e-07,0.05075,0.02405,0.5221,0.02011,0.02011,0.09342,0.2151,0,-0.000147,0.05835,0.0007193,0.02632,0.02632,0.05575,0.4651,0.01697,1.292,0.004991,0.007495,0.9984,7.412,0.0627,0.9279,0.02106,0.1753,0.05902,2.277,0.01971,1.85
9,0.168,1.188,0.02077,26.63,11.29,1.404,0.07029,0.04757,0.8108,0.09802,0.9863,23.18,8.488,0.1178,1.925,22.0,0.2393,0.2158,0.7202,0.06156,0,0.1178,0.03274,0.5051,0.2132,3.244e-07,0.09065,0.2052,0.03406,0.007121,1.751,0.4104,1.442,0.01103,0.3065,3.939e-07,0.05088,0.02399,0.5211,0.02063,0.02063,0.09327,0.2143,0,-0.0001456,0.05826,0.0007264,0.02694,0.02694,0.0623,0.4367,0.01914,1.286,0.00621,0.007677,0.9961,7.393,0.07004,0.9541,0.01825,0.1794,0.06558,2.274,0.02017,1.752
10,0.1857,1.178,0.02098,26.56,11.29,1.404,0.07728,0.04867,0.8082,0.1042,0.9881,23.11,8.492,0.122,1.925,21.95,0.2393,0.2263,0.718,0.06172,0,0.122,0.03346,0.4534,0.2129,5.126e-07,0.09023,0.2057,0.03318,0.008158,1.75,0.4114,1.442,0.01104,0.3062,6.224e-07,0.05103,0.02392,0.52,0.02113,0.02113,0.09311,0.2135,0,-0.0001444,0.05816,0.000734,0.02753,0.02753,0.06886,0.4067,0.0214,1.279,0.007562,0.007852,0.9935,7.373,0.07739,0.9823,0.01613,0.1832,0.07214,2.27,0.0206,1.667
11,0.2034,1.168,0.0212,26.48,11.29,1.405,0.08417,0.04967,0.8053,0.1103,0.9896,23.03,8.496,0.1259,1.925,21.89,0.2393,0.2362,0.7156,0.06189,0,0.1259,0.0341,0.4106,0.2126,8.027e-07,0.08976,0.2063,0.03229,0.009187,1.75,0.4126,1.443,0.01104,0.3059,9.746e-07,0.05119,0.02385,0.5187,0.0216,0.0216,0.09293,0.2126,0,-0.0001432,0.05805,0.0007419,0.02807,0.02807,0.07542,0.38,0.02369,1.272,0.009046,0.00801,0.9906,7.35,0.08473,1.008,0.01426,0.1867,0.0787,2.265,0.02099,1.593
12,0.2211,1.16,0.02142,26.39,11.29,1.405,0.09097,0.05056,0.8022,0.1161,0.9908,22.95,8.501,0.1295,1.926,21.82,0.2393,0.2456,0.7129,0.06208,0,0.1295,0.03466,0.3745,0.2123,1.246e-06,0.08926,0.2069,0.03138,0.01021,1.749,0.4138,1.444,0.01105,0.3055,1.512e-06,0.05136,0.02377,0.5173,0.02202,0.02202,0.09274,0.2115,0,-0.0001421,0.05793,0.0007498,0.02854,0.02854,0.08198,0.355,0.02601,1.265,0.01066,0.00815,0.9873,7.326,0.09207,1.031,0.01344,0.1897,0.08526,2.261,0.02133,1.527
13,0.2388,1.151,0.02166,26.3,11.29,1.405,0.09766,0.05131,0.7988,0.1217,0.9918,22.86,8.507,0.1327,1.926,21.75,0.2393,0.2544,0.7101,0.06228,0,0.1327,0.03512,0.3439,0.212,1.916e-06,0.08871,0.2076,0.03044,0.01122,1.749,0.4152,1.444,0.01105,0.3051,2.326e-06,0.05155,0.02368,0.5158,0.02239,0.02239,0.09253,0.2104,0,-0.000141,0.05779,0.0007582,0.02892,0.02892,0.08854,0.3304,0.02834,1.256,0.01241,0.008267,0.9837,7.3,0.09942,1.054,0.01341,0.1921,0.09182,2.255,0.0216,1.468
14,0.2565,1.143,0.02191,26.2,11.29,1.405,0.1043,0.05188,0.7952,0.1271,0.9928,22.77,8.513,0.1354,1.926,21.67,0.2392,0.2625,0.7071,0.0625,0,0.1354,0.03545,0.3175,0.2116,2.921e-06,0.08812,0.2083,0.02949,0.01221,1.748,0.4167,1.445,0.01106,0.3047,3.546e-06,0.05175,0.02359,0.5142,0.02268,0.02268,0.09231,0.2092,0,-0.00014,0.05765,0.000767,0.0292,0.0292,0.0951,0.3121,0.03064,1.248,0.01429,0.008355,0.9797,7.272,0.1068,1.071,0.01311,0.1937,0.09837,2.249,0.02179,1.415
15,0.2741,1.135,0.02217,26.09,11.28,1.405,0.1108,0.0523,0.7913,0.1323,0.9936,22.67,8.519,0.1376,1.926,21.58,0.2392,0.2699,0.7039,0.06274,0,0.1376,0.03567,0.2947,0.2112,4.413e-06,0.08749,0.2091,0.02852,0.01319,1.747,0.4182,1.445,0.01107,0.3042,5.358e-06,0.05197,0.02349,0.5124,0.02291,0.02292,0.09207,0.208,0,-0.0001391,0.0575,0.0007762,0.02938,0.02938,0.1017,0.2986,0.0329,1.238,0.01631,0.008417,0.9754,7.242,0.1141,1.084,0.01355,0.1948,0.1049,2.243,0.0219,1.367
16,0.2918,1.129,0.02244,25.98,11.28,1.405,0.1172,0.05257,0.7873,0.1373,0.9945,22.56,8.526,0.1393,1.926,21.49,0.2392,0.2766,0.7004,0.06299,0,0.1393,0.03578,0.2748,0.2108,6.609e-06,0.08682,0.21,0.02753,0.01416,1.747,0.4199,1.446,0.01108,0.3036,8.024e-06,0.0522,0.02339,0.5105,0.02308,0.02309,0.09181,0.2066,0,-0.0001383,0.05734,0.0007854,0.02948,0.02948,0.1082,0.2876,0.0351,1.228,0.01845,0.008456,0.9707,7.21,0.1215,1.094,0.01419,0.1953,0.1115,2.236,0.02196,1.323
17,0.3095,1.122,0.02272,25.86,11.28,1.405,0.1236,0.05271,0.7829,0.1421,0.9953,22.45,8.534,0.1406,1.926,21.39,0.2392,0.2827,0.6968,0.06325,0,0.1406,0.0358,0.2572,0.2103,9.808e-06,0.08611,0.2108,0.02654,0.0151,1.746,0.4217,1.446,0.01109,0.303,1.191e-05,0.05244,0.02328,0.5085,0.0232,0.02321,0.09154,0.2052,0,-0.0001376,0.05718,0.0007952,0.0295,0.0295,0.1148,0.2818,0.03723,1.217,0.02073,0.008472,0.9657,7.176,0.1288,1.099,0.01553,0.1952,0.118,2.229,0.02195,1.283
18,0.3272,1.116,0.02302,25.74,11.28,1.404,0.1299,0.05274,0.7784,0.1467,0.9962,22.33,8.542,0.1416,1.925,21.29,0.2391,0.2882,0.693,0.06354,0,0.1415,0.03573,0.2416,0.2098,1.443e-05,0.08535,0.2118,0.02554,0.01603,1.745,0.4236,1.446,0.0111,0.3024,1.752e-05,0.05269,0.02316,0.5063,0.02327,0.02329,0.09125,0.2036,0,-0.000137,0.057,0.0008053,0.02945,0.02945,0.1213,0.2792,0.03928,1.206,0.02314,0.00847,0.9604,7.141,0.1361,1.101,0.0165,0.1947,0.1246,2.221,0.02189,1.245
19,0.3449,1.111,0.02334,25.6,11.28,1.404,0.136,0.0527,0.7736,0.1511,0.9971,22.2,8.55,0.1422,1.925,21.18,0.2391,0.2933,0.6891,0.06384,0,0.1422,0.0356,0.2278,0.2093,2.103e-05,0.08457,0.2128,0.02453,0.01693,1.744,0.4256,1.446,0.01111,0.3017,2.553e-05,0.05295,0.02304,0.504,0.02332,0.02334,0.09096,0.202,0,-0.0001364,0.05681,0.0008165,0.02935,0.02935,0.1279,0.2802,0.04126,1.194,0.02569,0.008454,0.9548,7.104,0.1435,1.1,0.01748,0.1938,0.1312,2.213,0.02179,1.211
20,0.3626,1.106,0.02367,25.46,11.28,1.404,0.1421,0.05259,0.7686,0.1553,0.9979,22.07,8.559,0.1426,1.925,21.07,0.2391,0.2979,0.6849,0.06415,0,0.1426,0.03542,0.2153,0.2088,3.038e-05,0.08374,0.2138,0.02351,0.01782,1.743,0.4277,1.446,0.01112,0.301,3.689e-05,0.05323,0.02291,0.5016,0.02333,0.02337,0.09064,0.2003,0,-0.000136,0.05661,0.0008278,0.02922,0.02922,0.1344,0.2843,0.0431,1.181,0.02836,0.008429,0.9489,7.065,0.1508,1.095,0.01794,0.1926,0.1377,2.204,0.02166,1.178
21,0.3803,1.102,0.02402,25.32,11.28,1.404,0.148,0.05246,0.7634,0.1593,0.9988,21.94,8.568,0.1429,1.925,20.95,0.2391,0.3022,0.6806,0.06448,0,0.1428,0.03522,0.2041,0.2082,4.35e-05,0.08287,0.2149,0.0225,0.01868,1.743,0.4299,1.446,0.01113,0.3002,5.281e-05,0.05352,0.02278,0.499,0.02335,0.0234,0.09032,0.1985,0,-0.0001357,0.05641,0.0008403,0.02906,0.02906,0.141,0.2923,0.04489,1.168,0.03116,0.008398,0.9427,7.024,0.1582,1.088,0.01876,0.1913,0.1443,2.195,0.02152,1.148
22,0.398,1.098,0.02438,25.17,11.27,1.405,0.1538,0.05234,0.758,0.1631,0.9996,21.8,8.578,0.1431,1.925,20.82,0.239,0.3062,0.6761,0.06482,0,0.143,0.03501,0.194,0.2075,6.172e-05,0.08197,0.2161,0.02149,0.01952,1.742,0.4322,1.446,0.01114,0.2993,7.493e-05,0.05382,0.02264,0.4963,0.02336,0.02344,0.08998,0.1967,0,-0.0001355,0.0562,0.0008529,0.0289,0.0289,0.1476,0.3023,0.04657,1.155,0.0341,0.008368,0.9363,6.982,0.1655,1.078,0.01976,0.19,0.1508,2.186,0.02137,1.12
23,0.4156,1.095,0.02479,25.01,11.27,1.405,0.1595,0.05226,0.7524,0.1667,1.001,21.65,8.588,0.1434,1.926,20.69,0.239,0.31,0.6714,0.06519,0,0.1433,0.03483,0.1848,0.2069,8.679e-05,0.08104,0.2173,0.02047,0.02033,1.741,0.4346,1.446,0.01115,0.2984,0.0001054,0.05413,0.0225,0.4934,0.0234,0.02351,0.08962,0.1947,0,-0.0001355,0.05597,0.0008675,0.02876,0.02876,0.1541,0.3146,0.04817,1.141,0.03717,0.008344,0.9297,6.939,0.1729,1.067,0.01936,0.1888,0.1574,2.176,0.02123,1.093
24,0.4333,1.092,0.02519,24.85,11.27,1.406,0.165,0.05225,0.7466,0.1701,1.001,21.5,8.598,0.1437,1.927,20.55,0.2389,0.3138,0.6666,0.06556,0,0.1436,0.03467,0.1764,0.2062,0.000121,0.08007,0.2185,0.01947,0.02112,1.74,0.4371,1.446,0.01116,0.2974,0.0001469,0.05445,0.02235,0.4904,0.02347,0.02362,0.08926,0.1927,0,-0.0001357,0.05574,0.000882,0.02864,0.02864,0.1607,0.3281,0.04968,1.126,0.04037,0.008328,0.9229,6.893,0.1802,1.055,0.01917,0.1877,0.164,2.166,0.02111,1.067
25,0.451,1.089,0.02563,24.69,11.27,1.407,0.1704,0.05234,0.7407,0.1733,1.002,21.35,8.609,0.1443,1.929,20.41,0.2389,0.3175,0.6616,0.06596,0,0.1441,0.03456,0.1686,0.2055,0.0001671,0.07906,0.2199,0.01848,0.02187,1.739,0.4397,1.446,0.01118,0.2964,0.0002028,0.05478,0.02219,0.4873,0.02357,0.02378,0.08888,0.1906,0,-0.000136,0.05551,0.000898,0.02856,0.02856,0.1672,0.3438,0.05112,1.111,0.04369,0.008325,0.9158,6.847,0.1875,1.041,0.01813,0.1869,0.1705,2.156,0.02102,1.043
26,0.4687,1.087,0.02608,24.51,11.27,1.409,0.1757,0.05254,0.7345,0.1763,1.003,21.19,8.619,0.145,1.931,20.26,0.2389,0.3213,0.6565,0.06636,0,0.1448,0.03451,0.1615,0.2048,0.0002287,0.07803,0.2212,0.01749,0.0226,1.738,0.4424,1.446,0.01119,0.2953,0.0002776,0.05513,0.02204,0.484,0.02373,0.02401,0.08849,0.1884,0,-0.0001365,0.05526,0.0009147,0.02853,0.02853,0.1738,0.3591,0.05251,1.095,0.04715,0.008338,0.9086,6.799,0.1949,1.028,0.01733,0.1864,0.1771,2.145,0.02096,1.02
27,0.4864,1.085,0.02656,24.34,11.27,1.41,0.1807,0.05286,0.7282,0.1792,1.003,21.02,8.63,0.146,1.934,20.11,0.2388,0.3252,0.6512,0.06679,0,0.1457,0.03451,0.155,0.2041,0.0003102,0.07696,0.2226,0.01651,0.02331,1.736,0.4453,1.446,0.01121,0.2941,0.0003766,0.05548,0.02187,0.4806,0.02393,0.02431,0.08809,0.1862,0,-0.0001373,0.05501,0.0009329,0.02855,0.02855,0.1804,0.3746,0.05388,1.079,0.05074,0.008366,0.9012,6.749,0.2022,1.015,0.01533,0.1862,0.1836,2.133,0.02094,0.9982
28,0.5041,1.084,0.02705,24.15,11.26,1.413,0.1856,0.05329,0.7217,0.1818,1.004,20.85,8.642,0.1472,1.937,19.96,0.2388,0.329,0.6458,0.06723,0,0.1468,0.03457,0.1489,0.2033,0.0004171,0.07586,0.2241,0.01554,0.02398,1.735,0.4482,1.446,0.01122,0.2928,0.0005064,0.05584,0.02171,0.477,0.02418,0.02469,0.08767,0.1839,0,-0.0001383,0.05475,0.0009519,0.02861,0.02861,0.1869,0.3904,0.0552,1.063,0.05446,0.008407,0.8936,6.698,0.2095,1.002,0.0134,0.1862,0.1902,2.122,0.02094,0.9771
29,0.5218,1.083,0.02758,23.97,11.26,1.416,0.1902,0.05385,0.715,0.1843,1.004,20.68,8.653,0.1486,1.941,19.8,0.2388,0.3329,0.6402,0.06768,0,0.1481,0.03467,0.1432,0.2025,0.0005557,0.07474,0.2256,0.01458,0.02462,1.734,0.4512,1.446,0.01124,0.2915,0.0006747,0.05622,0.02154,0.4733,0.02447,0.02514,0.08725,0.1815,0,-0.0001396,0.05448,0.0009723,0.0287,0.0287,0.1935,0.4058,0.05651,1.046,0.05831,0.008462,0.8859,6.646,0.2169,0.9896,0.01084,0.1865,0.1967,2.11,0.02098,0.9568
30,0.5394,1.083,0.02814,23.78,11.26,1.419,0.1947,0.05452,0.7082,0.1866,1.005,20.51,8.665,0.1502,1.946,19.63,0.2387,0.3368,0.6346,0.06815,0,0.1495,0.03481,0.138,0.2017,0.0007338,0.07358,0.2272,0.01364,0.02524,1.733,0.4544,1.446,0.01125,0.2901,0.0008909,0.0566,0.02136,0.4694,0.0248,0.02569,0.08682,0.179,0,-0.0001412,0.0542,0.0009944,0.02883,0.02883,0.2,0.4215,0.05778,1.029,0.06229,0.008528,0.878,6.592,0.2242,0.9778,0.007996,0.187,0.2033,2.098,0.02103,0.9373
31,0.5571,1.083,0.02872,23.58,11.26,1.423,0.199,0.05531,0.7012,0.1887,1.005,20.33,8.677,0.152,1.951,19.46,0.2387,0.3407,0.6288,0.06864,0,0.151,0.03498,0.133,0.2008,0.0009604,0.0724,0.2288,0.01271,0.02582,1.732,0.4576,1.446,0.01127,0.2886,0.001166,0.05699,0.02118,0.4654,0.02516,0.02632,0.08637,0.1765,0,-0.0001431,0.05392,0.001017,0.02899,0.02899,0.2066,0.4369,0.05901,1.011,0.06641,0.008603,0.8699,6.538,0.2315,0.9662,0.005249,0.1877,0.2099,2.085,0.02111,0.9185
32,0.5748,1.083,0.02934,23.38,11.26,1.427,0.2031,0.05622,0.6941,0.1907,1.005,20.14,8.689,0.1539,1.956,19.29,0.2386,0.3445,0.6229,0.06914,0,0.1526,0.03517,0.1284,0.2,0.001246,0.07119,0.2305,0.01199,0.02637,1.731,0.461,1.446,0.01129,0.2871,0.001512,0.05739,0.021,0.4613,0.02554,0.02706,0.08592,0.1739,0,-0.0001453,0.05363,0.001042,0.02917,0.02917,0.2131,0.4522,0.06023,0.9928,0.07065,0.008686,0.8617,6.482,0.2389,0.9552,0.002039,0.1885,0.2164,2.072,0.02119,0.9003
33,0.5925,1.083,0.02998,23.18,11.25,1.432,0.2069,0.05725,0.6868,0.1925,1.005,19.96,8.701,0.1559,1.962,19.11,0.2386,0.3483,0.6169,0.06966,0,0.1543,0.03537,0.124,0.1991,0.001601,0.06995,0.2322,0.02037,0.02689,1.729,0.4644,1.446,0.0113,0.2854,0.001944,0.0578,0.02081,0.457,0.02595,0.0279,0.08545,0.1713,0,-0.000148,0.05334,0.001068,0.02936,0.02936,0.2197,0.467,0.06145,0.9744,0.07503,0.008774,0.8533,6.425,0.2462,0.9448,-0.001434,0.1893,0.223,2.059,0.02129,0.8827
34,0.6102,1.084,0.03065,22.97,11.25,1.436,0.2106,0.0584,0.6794,0.1941,1.005,19.77,8.714,0.158,1.969,18.93,0.2385,0.352,0.6107,0.0702,0,0.1559,0.03558,0.12,0.1982,0.00204,0.0687,0.234,0.03785,0.02737,1.728,0.468,1.445,0.01138,0.2837,0.002477,0.05821,0.02062,0.4525,0.02637,0.02885,0.08504,0.1686,0,-0.000151,0.05304,0.001095,0.02955,0.02955,0.2263,0.4816,0.06263,0.9556,0.07954,0.008864,0.8448,6.367,0.2535,0.9347,-0.004808,0.1901,0.2295,2.045,0.02138,0.8656
35,0.6279,1.085,0.03136,22.76,11.25,1.441,0.2141,0.05967,0.6719,0.1955,1.005,19.57,8.726,0.1601,1.975,18.74,0.2385,0.3556,0.6045,0.07075,0,0.1575,0.03578,0.1161,0.1972,0.002577,0.06742,0.2358,0.03902,0.02782,1.727,0.4716,1.445,0.01144,0.2819,0.003129,0.05863,0.02042,0.4479,0.0268,0.02993,0.0846,0.1658,0,-0.0001545,0.05273,0.001125,0.02973,0.02973,0.2328,0.4963,0.0638,0.9366,0.08418,0.008953,0.8361,6.308,0.2608,0.9252,-0.008097,0.1909,0.2361,2.031,0.02147,0.849
36,0.6456,1.087,0.03211,22.54,11.25,1.446,0.2173,0.06105,0.6643,0.1968,1.005,19.38,8.739,0.1622,1.982,18.55,0.2384,0.359,0.5982,0.07131,0,0.159,0.03597,0.1125,0.1963,0.003225,0.06611,0.2377,0.04552,0.02824,1.725,0.4754,1.445,0.0115,0.2799,0.003916,0.05906,0.02023,0.4432,0.02723,0.03114,0.08414,0.163,0,-0.0001585,0.05242,0.001155,0.02991,0.02991,0.2394,0.5103,0.06496,0.9172,0.08895,0.009037,0.8272,6.248,0.2682,0.9161,-0.01148,0.1916,0.2427,2.017,0.02154,0.8329
37,0.6633,1.089,0.03289,22.32,11.24,1.451,0.2204,0.06255,0.6566,0.198,1.005,19.18,8.752,0.1642,1.989,18.36,0.2384,0.3622,0.5918,0.07189,0,0.1602,0.03611,0.109,0.1953,0.004001,0.06479,0.2396,0.06483,0.02862,1.724,0.4793,1.445,0.01156,0.2779,0.004857,0.0595,0.02002,0.4383,0.02764,0.0325,0.08368,0.1601,0,-0.000163,0.0521,0.001187,0.03005,0.03005,0.2459,0.5239,0.06609,0.8976,0.09386,0.009114,0.8182,6.186,0.2755,0.9075,-0.01496,0.192,0.2492,2.002,0.02159,0.8172
38,0.6809,1.091,0.0337,22.1,11.24,1.457,0.2233,0.06416,0.6488,0.199,1.004,18.98,8.766,0.1661,1.997,18.17,0.2383,0.3652,0.5853,0.07249,0,0.1612,0.03622,0.1058,0.1944,0.004919,0.06345,0.2416,0.06893,0.02897,1.723,0.4833,1.445,0.01162,0.2758,0.005972,0.05994,0.01982,0.4333,0.02803,0.034,0.08321,0.1572,0,-0.000168,0.05178,0.001221,0.03016,0.03016,0.2525,0.5367,0.06719,0.8777,0.0989,0.009179,0.809,6.125,0.2828,0.8996,-0.01763,0.1922,0.2558,1.987,0.02161,0.8019
39,0.6986,1.094,0.03456,21.87,11.24,1.462,0.2259,0.06586,0.6408,0.1999,1.004,18.78,8.779,0.1679,2.004,17.97,0.2383,0.3678,0.5787,0.0731,0,0.1619,0.03625,0.1027,0.1934,0.005994,0.0621,0.2437,0.0682,0.02928,1.721,0.4873,1.445,0.01168,0.2736,0.007278,0.06038,0.01961,0.4281,0.02837,0.03565,0.08274,0.1542,0,-0.0001736,0.05145,0.001256,0.03021,0.03021,0.2591,0.549,0.06829,0.8576,0.1041,0.009229,0.7996,6.062,0.2901,0.8923,-0.02006,0.192,0.2623,1.972,0.02159,0.7871
40,0.7163,1.097,0.03546,21.64,11.24,1.467,0.2284,0.06765,0.6328,0.2006,1.003,18.57,8.793,0.1694,2.011,17.77,0.2382,0.37,0.5721,0.07373,0,0.1622,0.03621,0.09978,0.1923,0.00724,0.06072,0.2458,0.06737,0.02956,1.72,0.4915,1.445,0.01174,0.2713,0.00879,0.06082,0.0194,0.4227,0.02867,0.03746,0.08225,0.1511,0,-0.0001799,0.05111,0.001294,0.0302,0.0302,0.2656,0.5601,0.06937,0.8373,0.1094,0.009257,0.7901,5.998,0.2974,0.886,-0.02154,0.1914,0.2689,1.956,0.02152,0.7726
41,0.734,1.099,0.03639,21.41,11.23,1.471,0.2307,0.06949,0.6247,0.2012,1.003,18.36,8.807,0.1706,2.017,17.56,0.2382,0.3718,0.5654,0.07437,0,0.1619,0.03605,0.09701,0.1913,0.008667,0.05933,0.2479,0.06654,0.0298,1.718,0.4958,1.445,0.01181,0.2689,0.01052,0.06127,0.01919,0.4172,0.02888,0.0394,0.08177,0.1481,0,-0.0001869,0.05077,0.001331,0.03009,0.03009,0.2722,0.5713,0.07034,0.8168,0.1148,0.009258,0.7805,5.934,0.3048,0.8787,-0.02317,0.1902,0.2754,1.94,0.02138,0.7586
42,0.7517,1.102,0.03737,21.18,11.23,1.476,0.2329,0.07141,0.6166,0.2017,1.002,18.15,8.821,0.1715,2.023,17.35,0.2381,0.3732,0.5586,0.07503,0,0.1612,0.0358,0.09439,0.1902,0.01028,0.05793,0.2501,0.06572,0.03,1.717,0.5002,1.445,0.01187,0.2664,0.01249,0.06172,0.01898,0.4116,0.02902,0.04151,0.08127,0.1449,0,-0.0001947,0.05042,0.001371,0.0299,0.0299,0.2787,0.5838,0.07124,0.7961,0.1204,0.009234,0.7706,5.869,0.3121,0.8706,-0.02406,0.1884,0.282,1.924,0.02118,0.7449
43,0.7694,1.106,0.03838,20.94,11.23,1.48,0.235,0.07343,0.6083,0.2021,1.002,17.94,8.835,0.1721,2.028,17.15,0.238,0.3742,0.5518,0.07571,0,0.16,0.03546,0.0919,0.1892,0.01209,0.05652,0.2524,0.06492,0.03016,1.716,0.5047,1.445,0.01194,0.2638,0.01468,0.06216,0.01876,0.4058,0.0291,0.04379,0.08077,0.1418,0,-0.0002032,0.05007,0.001412,0.02964,0.02964,0.2853,0.5957,0.07209,0.7753,0.1261,0.009188,0.7606,5.803,0.3194,0.8622,-0.02421,0.1862,0.2886,1.908,0.02093,0.7315
44,0.7871,1.109,0.03943,20.7,11.23,1.483,0.2369,0.07554,0.6,0.2023,1.001,17.73,8.85,0.1725,2.034,16.94,0.238,0.3748,0.5449,0.0764,0,0.1584,0.03503,0.08954,0.1881,0.0141,0.05509,0.2547,0.06412,0.03029,1.714,0.5093,1.445,0.01201,0.2611,0.01712,0.0626,0.01854,0.3999,0.02912,0.04623,0.08027,0.1386,0,-0.0002126,0.04972,0.001454,0.02931,0.02931,0.2918,0.6087,0.07284,0.7544,0.132,0.009118,0.7505,5.736,0.3267,0.8528,-0.02366,0.1835,0.2951,1.891,0.02063,0.7185
45,0.8047,1.111,0.04051,20.46,11.22,1.487,0.2387,0.07776,0.5917,0.2025,1.0,17.52,8.865,0.1727,2.038,16.72,0.2379,0.3752,0.538,0.0771,0,0.1565,0.03452,0.0873,0.187,0.01629,0.05366,0.257,0.06333,0.03037,1.713,0.514,1.445,0.01208,0.2582,0.01977,0.06304,0.01832,0.3938,0.02907,0.04884,0.07975,0.1353,0,-0.000223,0.04936,0.001497,0.02891,0.02891,0.2984,0.6216,0.07349,0.7334,0.138,0.00903,0.7403,5.669,0.3341,0.8426,-0.02242,0.1804,0.3017,1.874,0.02028,0.7059
46,0.8224,1.114,0.04163,20.21,11.22,1.489,0.2404,0.08009,0.5833,0.2025,1.0,17.3,8.879,0.1728,2.042,16.51,0.2379,0.3753,0.5311,0.07783,0,0.1542,0.03396,0.08519,0.1858,0.01865,0.05222,0.2594,0.06254,0.03042,1.711,0.5188,1.444,0.01215,0.2553,0.02264,0.06346,0.01809,0.3876,0.02898,0.05162,0.07924,0.1321,0,-0.0002343,0.04899,0.00154,0.02847,0.02847,0.305,0.6342,0.07405,0.7123,0.1441,0.008926,0.7299,5.602,0.3414,0.8319,-0.02085,0.1769,0.3082,1.856,0.0199,0.6936
47,0.8401,1.117,0.04279,19.96,11.22,1.492,0.242,0.08253,0.5749,0.2024,0.9996,17.09,8.894,0.1728,2.045,16.29,0.2378,0.3752,0.5241,0.07857,0,0.1516,0.03335,0.08318,0.1847,0.02116,0.05078,0.2619,0.06177,0.03042,1.71,0.5238,1.444,0.01227,0.2523,0.02569,0.06388,0.01786,0.3813,0.02885,0.05454,0.07876,0.1288,0,-0.0002468,0.04863,0.001586,0.02798,0.02798,0.3115,0.6478,0.0745,0.6912,0.1504,0.008809,0.7194,5.534,0.3487,0.8205,-0.01826,0.1733,0.3148,1.839,0.01948,0.6816
48,0.8578,1.118,0.04398,19.71,11.21,1.493,0.2435,0.08505,0.5664,0.2023,0.9992,16.87,8.909,0.1727,2.047,16.07,0.2377,0.375,0.5171,0.07932,0,0.1489,0.03269,0.08127,0.1835,0.02381,0.04933,0.2644,0.061,0.03039,1.708,0.5288,1.444,0.01235,0.2492,0.0289,0.06428,0.01764,0.3749,0.02869,0.05759,0.07824,0.1255,0,-0.0002603,0.04825,0.001632,0.02746,0.02746,0.3181,0.6608,0.07489,0.6701,0.1568,0.008681,0.7089,5.465,0.356,0.8086,-0.01466,0.1694,0.3214,1.821,0.01905,0.6699
49,0.8755,1.12,0.0452,19.46,11.21,1.494,0.245,0.08764,0.5579,0.2021,0.9989,16.65,8.924,0.1725,2.048,15.86,0.2377,0.3746,0.51,0.08009,0,0.1459,0.03201,0.07947,0.1824,0.02654,0.04788,0.267,0.06024,0.03032,1.707,0.5339,1.444,0.01243,0.2459,0.03222,0.06466,0.0174,0.3683,0.0285,0.06072,0.07771,0.1222,0,-0.0002751,0.04787,0.001678,0.02692,0.02692,0.3246,0.6737,0.07519,0.6491,0.1633,0.008545,0.6983,5.396,0.3633,0.7963,-0.01079,0.1654,0.3279,1.803,0.01859,0.6586
50,0.8932,1.121,0.04643,19.2,11.21,1.495,0.2464,0.09026,0.5494,0.2018,0.9987,16.43,8.939,0.1723,2.049,15.64,0.2376,0.374,0.503,0.08087,0,0.1429,0.03131,0.07776,0.1812,0.02933,0.04643,0.2696,0.05949,0.03022,1.705,0.5392,1.444,0.01251,0.2426,0.03561,0.06503,0.01717,0.3617,0.02829,0.0639,0.07718,0.1188,0,-0.0002913,0.04749,0.001724,0.02636,0.02636,0.3312,0.686,0.07539,0.628,0.17,0.008404,0.6876,5.326,0.3707,0.7837,-0.004493,0.1613,0.3345,1.785,0.01813,0.6476
51,0.9109,1.121,0.0477,18.95,11.21,1.494,0.2477,0.09287,0.5409,0.2014,0.9986,16.22,8.954,0.1719,2.048,15.42,0.2375,0.3733,0.4959,0.08167,0,0.1398,0.0306,0.07615,0.18,0.03212,0.04499,0.2722,0.05875,0.03007,1.704,0.5445,1.444,0.01259,0.2392,0.039,0.06537,0.01694,0.3549,0.02808,0.06708,0.07664,0.1155,0,-0.0003088,0.04711,0.001769,0.0258,0.0258,0.3378,0.6972,0.07552,0.6071,0.1768,0.00826,0.6769,5.256,0.378,0.771,0.001329,0.1571,0.341,1.767,0.01766,0.6369
52,0.9286,1.12,0.04898,18.69,11.2,1.493,0.249,0.09542,0.5324,0.2009,0.9986,16.0,8.969,0.1715,2.046,15.2,0.2375,0.3725,0.4888,0.08249,0,0.1367,0.02989,0.07464,0.1788,0.03487,0.04355,0.275,0.05802,0.02989,1.702,0.5499,1.443,0.01268,0.2357,0.04233,0.06569,0.0167,0.348,0.02786,0.07019,0.0761,0.1121,0,-0.0003279,0.04672,0.001815,0.02523,0.02523,0.3443,0.7085,0.07558,0.5862,0.1837,0.008115,0.6662,5.186,0.3853,0.758,0.009553,0.1529,0.3476,1.749,0.0172,0.6265
53,0.9462,1.119,0.05028,18.43,11.2,1.49,0.2502,0.09784,0.5239,0.2004,0.9988,15.78,8.984,0.171,2.043,14.98,0.2374,0.3714,0.4817,0.08332,0,0.1335,0.02918,0.0732,0.1775,0.03751,0.04211,0.2777,0.05729,0.02967,1.701,0.5555,1.443,0.01277,0.2321,0.04555,0.06597,0.01646,0.3411,0.02764,0.07318,0.07555,0.1088,0,-0.0003485,0.04632,0.00186,0.02466,0.02466,0.3509,0.7183,0.07559,0.5655,0.1908,0.007971,0.6555,5.115,0.3926,0.7449,0.01907,0.1488,0.3541,1.73,0.01673,0.6164
54,0.9639,1.116,0.05157,18.16,11.2,1.486,0.2514,0.1001,0.5153,0.1998,0.9991,15.56,8.999,0.1704,2.037,14.75,0.2373,0.3702,0.4747,0.08417,0,0.1304,0.02848,0.07186,0.1763,0.04001,0.04068,0.2806,0.05658,0.02942,1.699,0.5611,1.443,0.01286,0.2284,0.04857,0.06623,0.01622,0.334,0.02742,0.07599,0.07501,0.1054,0,-0.0003709,0.04593,0.001902,0.0241,0.0241,0.3574,0.7267,0.07554,0.545,0.198,0.007828,0.6447,5.044,0.3999,0.7317,0.02988,0.1447,0.3607,1.712,0.01627,0.6067
55,0.9816,1.113,0.05289,17.9,11.19,1.481,0.2525,0.1021,0.5068,0.1991,0.9997,15.34,9.014,0.1696,2.03,14.53,0.2373,0.3687,0.4676,0.08504,0,0.1273,0.0278,0.0706,0.175,0.04228,0.03926,0.2835,0.05587,0.02913,1.698,0.5669,1.443,0.01295,0.2247,0.05134,0.06644,0.01598,0.3269,0.02722,0.07856,0.07446,0.1021,0,-0.0003951,0.04553,0.001944,0.02355,0.02355,0.364,0.7346,0.0754,0.5246,0.2054,0.00769,0.6339,4.972,0.4073,0.7182,0.04271,0.1407,0.3673,1.693,0.01582,0.5972
56,0.9993,1.108,0.0542,17.63,11.19,1.475,0.2537,0.1038,0.4984,0.1983,1.0,15.12,9.029,0.1686,2.021,14.31,0.2372,0.3669,0.4605,0.08591,0,0.1243,0.02713,0.06942,0.1738,0.0443,0.03786,0.2864,0.05517,0.02881,1.696,0.5728,1.443,0.01304,0.2208,0.05378,0.06662,0.01574,0.3197,0.02703,0.08082,0.07391,0.09875,0,-0.0004212,0.04512,0.001984,0.02303,0.02303,0.3705,0.7407,0.07524,0.5045,0.2128,0.007559,0.6232,4.9,0.4146,0.705,0.05647,0.1368,0.3738,1.675,0.01539,0.5881
57,1.017,1.102,0.0555,17.37,11.19,1.467,0.2548,0.1052,0.4899,0.1975,1.001,14.91,9.043,0.1674,2.011,14.09,0.2371,0.3649,0.4535,0.08681,0,0.1214,0.02649,0.06833,0.1725,0.046,0.03646,0.2894,0.05449,0.02846,1.695,0.5787,1.443,0.01314,0.2169,0.05585,0.06675,0.0155,0.3125,0.02687,0.08271,0.07335,0.09544,0,-0.0004494,0.04471,0.00202,0.02251,0.02251,0.3771,0.7452,0.07502,0.4846,0.2204,0.007433,0.6124,4.829,0.4219,0.6919,0.07335,0.1331,0.3804,1.656,0.01497,0.5793
58,1.035,1.095,0.05679,17.1,11.18,1.457,0.2558,0.1062,0.4815,0.1965,1.003,14.69,9.058,0.166,1.998,13.87,0.2371,0.3625,0.4464,0.08772,0,0.1186,0.02587,0.06732,0.1712,0.04734,0.03508,0.2924,0.05381,0.02808,1.693,0.5848,1.442,0.01324,0.2129,0.05748,0.06684,0.01525,0.3052,0.02672,0.08419,0.0728,0.09215,0,-0.0004797,0.0443,0.002053,0.02202,0.02202,0.3837,0.7478,0.07477,0.465,0.2281,0.007313,0.6017,4.757,0.4292,0.679,0.09082,0.1295,0.3869,1.637,0.01456,0.5708
59,1.052,1.087,0.05807,16.83,11.18,1.447,0.2569,0.1068,0.4731,0.1955,1.004,14.47,9.072,0.1642,1.983,13.65,0.237,0.3597,0.4394,0.08865,0,0.1159,0.02526,0.06638,0.1699,0.04829,0.03372,0.2955,0.05313,0.02766,1.692,0.591,1.442,0.01334,0.2089,0.05863,0.06687,0.01501,0.2979,0.02658,0.08521,0.07224,0.08888,0,-0.0005124,0.04389,0.002084,0.02154,0.02154,0.3902,0.7491,0.07448,0.4456,0.236,0.007199,0.591,4.684,0.4365,0.6664,0.1115,0.126,0.3935,1.618,0.01416,0.5627
60,1.07,1.077,0.05934,16.56,11.18,1.434,0.2579,0.1068,0.4648,0.1944,1.006,14.26,9.087,0.162,1.966,13.43,0.2369,0.3565,0.4324,0.08959,0,0.1132,0.02467,0.06553,0.1685,0.04883,0.03238,0.2986,0.05247,0.02722,1.69,0.5973,1.442,0.01345,0.2047,0.05928,0.06685,0.01476,0.2905,0.02645,0.08574,0.07168,0.08565,0,-0.0005475,0.04347,0.002111,0.02107,0.02107,0.3968,0.748,0.07416,0.4266,0.244,0.007088,0.5804,4.612,0.4438,0.6541,0.1342,0.1225,0.4001,1.6,0.01378,0.5548
61,1.088,1.067,0.06058,16.29,11.17,1.419,0.2589,0.1064,0.4565,0.1932,1.008,14.04,9.101,0.1595,1.946,13.22,0.2369,0.3527,0.4255,0.09055,0,0.1106,0.02409,0.06476,0.1672,0.04894,0.03106,0.3018,0.05182,0.02675,1.689,0.6036,1.442,0.01355,0.2006,0.05942,0.06678,0.01452,0.2831,0.02633,0.08575,0.07112,0.08245,0,-0.0005853,0.04305,0.002133,0.02061,0.02061,0.4033,0.7448,0.07383,0.4079,0.252,0.00698,0.5698,4.54,0.4511,0.642,0.1584,0.1191,0.4066,1.581,0.0134,0.5473
62,1.105,1.055,0.06178,16.01,11.17,1.403,0.2599,0.1054,0.4483,0.1919,1.011,13.83,9.115,0.1565,1.924,13.0,0.2368,0.3485,0.4186,0.09152,0,0.1079,0.0235,0.06406,0.1659,0.04862,0.02976,0.3051,0.05117,0.02625,1.687,0.6101,1.442,0.01367,0.1963,0.05903,0.06666,0.01427,0.2757,0.02621,0.08524,0.07057,0.07929,0,-0.0006258,0.04263,0.002151,0.02015,0.02015,0.4099,0.7411,0.07343,0.3896,0.2602,0.006872,0.5592,4.468,0.4584,0.6291,0.1849,0.1158,0.4132,1.562,0.01302,0.5401
63,1.123,1.042,0.06296,15.74,11.17,1.386,0.2609,0.104,0.4402,0.1906,1.014,13.62,9.129,0.1532,1.9,12.79,0.2367,0.3438,0.4117,0.09251,0,0.1054,0.02295,0.06344,0.1645,0.04788,0.02848,0.3084,0.05056,0.02571,1.686,0.6167,1.442,0.01378,0.192,0.05813,0.06647,0.01403,0.2683,0.02612,0.08425,0.07001,0.07617,0,-0.0006693,0.0422,0.002164,0.01971,0.01971,0.4165,0.7362,0.07299,0.3717,0.2685,0.006772,0.5487,4.395,0.4656,0.6155,0.214,0.1126,0.4197,1.543,0.01266,0.5332
64,1.141,1.027,0.06412,15.47,11.16,1.366,0.262,0.1021,0.4321,0.1891,1.017,13.4,9.143,0.1498,1.873,12.57,0.2367,0.3389,0.4049,0.09352,0,0.1031,0.02245,0.0629,0.1631,0.04674,0.02723,0.3117,0.05117,0.02515,1.685,0.6234,1.442,0.0139,0.1877,0.05674,0.06623,0.01378,0.2609,0.02608,0.08283,0.06945,0.0731,0,-0.0007158,0.04178,0.002174,0.01932,0.01932,0.423,0.7313,0.07248,0.3542,0.277,0.006689,0.5383,4.323,0.4729,0.6011,0.2434,0.1097,0.4263,1.525,0.01233,0.5266
65,1.158,1.013,0.06522,15.2,11.16,1.347,0.2629,0.1001,0.4241,0.1875,1.021,13.19,9.156,0.1464,1.846,12.36,0.2366,0.3339,0.3981,0.09454,0,0.1011,0.02203,0.06243,0.1617,0.04523,0.026,0.3151,0.06779,0.02457,1.683,0.6302,1.442,0.01402,0.1833,0.05491,0.06593,0.01353,0.2535,0.02615,0.08106,0.0689,0.07009,0,-0.0007657,0.04135,0.002178,0.019,0.019,0.4296,0.7235,0.07199,0.3371,0.2855,0.006629,0.528,4.252,0.4802,0.5879,0.2756,0.1072,0.4328,1.506,0.01205,0.5204
66,1.176,0.9963,0.0663,14.93,11.16,1.325,0.2639,0.09767,0.4161,0.1858,1.025,12.99,9.169,0.1428,1.816,12.15,0.2365,0.3286,0.3913,0.09557,0,0.09943,0.02167,0.06204,0.1603,0.04339,0.02481,0.3186,0.07644,0.02398,1.682,0.6371,1.442,0.01414,0.1789,0.05268,0.06557,0.01329,0.2461,0.02627,0.07895,0.06835,0.06713,0,-0.000819,0.04092,0.00218,0.01873,0.01873,0.4361,0.7143,0.07154,0.3205,0.2941,0.006585,0.5179,4.18,0.4874,0.5757,0.3093,0.1049,0.4394,1.488,0.0118,0.5144
67,1.194,0.9792,0.06732,14.66,11.15,1.302,0.2649,0.09498,0.4083,0.1841,1.03,12.78,9.182,0.1391,1.785,11.94,0.2365,0.3232,0.3846,0.09662,0,0.0978,0.02133,0.06172,0.1589,0.04126,0.02364,0.3221,0.07604,0.02338,1.68,0.6442,1.442,0.01427,0.1745,0.0501,0.06516,0.01304,0.2388,0.02641,0.07651,0.06781,0.06423,0,-0.000876,0.04049,0.002175,0.01847,0.01847,0.4427,0.7022,0.07115,0.3044,0.3028,0.006546,0.5078,4.109,0.4947,0.5645,0.3446,0.1028,0.446,1.469,0.01155,0.5088
68,1.212,0.9614,0.0683,14.39,11.15,1.279,0.2658,0.09198,0.4005,0.1823,1.035,12.57,9.195,0.135,1.753,11.73,0.2364,0.3173,0.378,0.09769,0,0.09611,0.02097,0.06147,0.1575,0.0389,0.02251,0.3256,0.07545,0.02276,1.679,0.6513,1.443,0.0144,0.17,0.04723,0.06469,0.0128,0.2315,0.02654,0.07377,0.06727,0.06139,0,-0.0009369,0.04007,0.002166,0.0182,0.0182,0.4492,0.6891,0.07075,0.2888,0.3116,0.006504,0.4978,4.038,0.5019,0.5534,0.382,0.1006,0.4525,1.45,0.01131,0.5034
69,1.229,0.9427,0.06924,14.12,11.15,1.254,0.2668,0.08873,0.3928,0.1804,1.04,12.37,9.208,0.1307,1.719,11.53,0.2363,0.3111,0.3714,0.09878,0,0.09438,0.02061,0.06129,0.1561,0.03637,0.02141,0.3293,0.07487,0.02213,1.678,0.6585,1.443,0.01454,0.1655,0.04415,0.06416,0.01256,0.2242,0.02666,0.07081,0.06673,0.05862,0,-0.001002,0.03964,0.002155,0.01792,0.01792,0.4558,0.6755,0.07033,0.2736,0.3205,0.006458,0.488,3.968,0.5091,0.5424,0.4209,0.09836,0.4591,1.432,0.01106,0.4984
70,1.247,0.9235,0.07013,13.86,11.14,1.228,0.2677,0.08532,0.3852,0.1784,1.046,12.17,9.22,0.1263,1.684,11.32,0.2362,0.3047,0.3649,0.09987,0,0.09259,0.02023,0.06118,0.1546,0.03371,0.02033,0.3329,0.07429,0.02149,1.676,0.6658,1.443,0.01468,0.161,0.04092,0.06359,0.01232,0.217,0.02675,0.06768,0.06621,0.05591,0,-0.001071,0.03921,0.002137,0.01764,0.01764,0.4624,0.6602,0.06992,0.2589,0.3295,0.00641,0.4782,3.898,0.5164,0.5315,0.4622,0.09611,0.4656,1.414,0.01081,0.4936
71,1.265,0.9032,0.07098,13.59,11.14,1.201,0.2687,0.08179,0.3777,0.1763,1.053,11.97,9.233,0.1217,1.647,11.12,0.2362,0.2981,0.3584,0.101,0,0.09076,0.01984,0.06115,0.1531,0.03098,0.0193,0.3366,0.07371,0.02083,1.675,0.6733,1.444,0.01482,0.1565,0.03761,0.06296,0.01208,0.2098,0.02684,0.06444,0.06569,0.05328,0,-0.001145,0.03878,0.002117,0.01734,0.01734,0.4689,0.6445,0.06953,0.2448,0.3385,0.006359,0.4686,3.828,0.5236,0.5207,0.5037,0.09382,0.4722,1.395,0.01055,0.4891
72,1.282,0.8834,0.07178,13.33,11.14,1.175,0.2697,0.07821,0.3704,0.1742,1.06,11.77,9.245,0.1171,1.61,10.92,0.2361,0.2913,0.3521,0.1021,0,0.08887,0.01945,0.06118,0.1516,0.02823,0.01829,0.3404,0.07314,0.02018,1.674,0.6808,1.444,0.01497,0.152,0.03427,0.06229,0.01185,0.2028,0.0269,0.06117,0.06517,0.05072,0,-0.001224,0.03835,0.002093,0.01704,0.01704,0.4755,0.6284,0.06914,0.2312,0.3476,0.006303,0.459,3.76,0.5308,0.51,0.5474,0.0915,0.4788,1.377,0.01029,0.4849
73,1.3,0.8627,0.07253,13.08,11.13,1.147,0.2706,0.07464,0.3631,0.172,1.067,11.57,9.256,0.1124,1.573,10.73,0.236,0.2845,0.3457,0.1033,0,0.08694,0.01904,0.06128,0.1501,0.02551,0.01732,0.3442,0.07257,0.01951,1.672,0.6884,1.444,0.01513,0.1475,0.03097,0.06157,0.01162,0.1958,0.02695,0.05792,0.06467,0.04823,0,-0.001308,0.03793,0.002066,0.01672,0.01672,0.482,0.6111,0.06877,0.218,0.3568,0.006245,0.4496,3.691,0.5379,0.4995,0.5928,0.08914,0.4853,1.359,0.01002,0.4809
74,1.318,0.8415,0.07324,12.82,11.13,1.119,0.2717,0.07113,0.3559,0.1698,1.075,11.38,9.268,0.1078,1.534,10.53,0.2359,0.2776,0.3395,0.1044,0,0.08494,0.01862,0.06145,0.1486,0.02286,0.01639,0.3481,0.07203,0.01884,1.671,0.6962,1.445,0.01529,0.143,0.02775,0.06082,0.01139,0.1888,0.02698,0.05473,0.06418,0.04582,0,-0.001397,0.0375,0.002036,0.0164,0.0164,0.4886,0.5948,0.06838,0.2055,0.3661,0.006182,0.4404,3.624,0.5451,0.4883,0.6387,0.08674,0.4919,1.341,0.009753,0.4772
75,1.335,0.8204,0.0739,12.57,11.13,1.091,0.2727,0.06777,0.3488,0.1675,1.084,11.18,9.279,0.1033,1.496,10.34,0.2359,0.2709,0.3333,0.1056,0,0.08301,0.01822,0.06169,0.1471,0.02031,0.01549,0.352,0.07286,0.01817,1.67,0.704,1.445,0.01545,0.1386,0.02466,0.06003,0.01116,0.182,0.02702,0.05169,0.06369,0.04349,0,-0.001492,0.03708,0.002003,0.01608,0.01608,0.4952,0.5785,0.06797,0.1934,0.3754,0.006124,0.4313,3.557,0.5523,0.4767,0.6848,0.08442,0.4984,1.323,0.009492,0.4737
76,1.353,0.7996,0.07451,12.32,11.12,1.064,0.2738,0.06468,0.3418,0.1652,1.093,10.99,9.291,0.09917,1.459,10.15,0.2358,0.2644,0.3272,0.1068,0,0.08127,0.01785,0.06199,0.1455,0.01791,0.01462,0.356,0.0926,0.01749,1.669,0.712,1.446,0.01562,0.1341,0.02174,0.05921,0.01094,0.1753,0.02713,0.04887,0.06322,0.04124,0,-0.001593,0.03666,0.00197,0.01581,0.01581,0.5017,0.5635,0.06755,0.1818,0.3847,0.006079,0.4223,3.492,0.5594,0.4644,0.7324,0.0823,0.505,1.305,0.009254,0.4705
77,1.371,0.7781,0.07507,12.08,11.12,1.037,0.275,0.06194,0.335,0.1629,1.102,10.81,9.301,0.09549,1.421,9.964,0.2357,0.2584,0.3212,0.108,0,0.07983,0.01756,0.06236,0.144,0.01566,0.01379,0.36,0.103,0.01683,1.667,0.7201,1.447,0.0158,0.1297,0.01901,0.05836,0.01072,0.1687,0.02734,0.04635,0.06276,0.03907,0,-0.001701,0.03625,0.001934,0.01559,0.01559,0.5083,0.5473,0.0672,0.1708,0.3941,0.006057,0.4136,3.427,0.5665,0.4531,0.7808,0.08051,0.5115,1.287,0.009053,0.4675
78,1.388,0.7567,0.07561,11.84,11.12,1.009,0.2761,0.05951,0.3282,0.1606,1.112,10.62,9.312,0.09216,1.384,9.779,0.2356,0.2527,0.3152,0.1092,0,0.07857,0.01731,0.06279,0.1424,0.01358,0.013,0.3641,0.1028,0.01617,1.666,0.7282,1.448,0.01598,0.1253,0.01649,0.05749,0.0105,0.1623,0.02761,0.0441,0.06232,0.03698,0,-0.001815,0.03583,0.001898,0.01541,0.01541,0.5148,0.531,0.06692,0.1603,0.4035,0.006049,0.405,3.362,0.5736,0.4428,0.8292,0.07892,0.5181,1.27,0.008874,0.4647
79,1.406,0.7359,0.0761,11.6,11.11,0.9832,0.2773,0.05732,0.3216,0.1582,1.123,10.44,9.322,0.08907,1.348,9.596,0.2356,0.2473,0.3094,0.1105,0,0.07738,0.01707,0.06328,0.1408,0.01169,0.01224,0.3682,0.1023,0.01553,1.665,0.7365,1.449,0.01618,0.121,0.01419,0.05661,0.01028,0.1559,0.02789,0.04208,0.06189,0.03497,0,-0.001937,0.03543,0.001861,0.01524,0.01524,0.5214,0.5145,0.06673,0.1503,0.413,0.006045,0.3966,3.299,0.5807,0.4333,0.879,0.07741,0.5247,1.252,0.008705,0.4621
80,1.424,0.715,0.07654,11.37,11.11,0.957,0.2785,0.05532,0.3151,0.1559,1.134,10.25,9.332,0.08612,1.312,9.417,0.2355,0.242,0.3036,0.1117,0,0.07613,0.01681,0.06384,0.1392,0.009982,0.01151,0.3724,0.1017,0.0149,1.664,0.7449,1.449,0.01638,0.1167,0.01212,0.05571,0.01007,0.1497,0.02815,0.04027,0.06147,0.03304,0,-0.002065,0.03502,0.001822,0.01506,0.01506,0.5279,0.4976,0.06657,0.1408,0.4225,0.006036,0.3883,3.237,0.5878,0.424,0.9294,0.07586,0.5312,1.235,0.00853,0.4597
81,1.441,0.6945,0.07695,11.14,11.11,0.9313,0.2798,0.05352,0.3087,0.1536,1.145,10.07,9.341,0.08331,1.277,9.239,0.2354,0.2369,0.2979,0.113,0,0.07485,0.01655,0.06445,0.1376,0.008457,0.01082,0.3767,0.1013,0.01427,1.663,0.7534,1.45,0.01658,0.1125,0.01027,0.0548,0.009868,0.1436,0.02839,0.03866,0.06107,0.03119,0,-0.002202,0.03462,0.001784,0.01487,0.01487,0.5345,0.4818,0.06645,0.1318,0.432,0.006024,0.3802,3.175,0.5948,0.4149,0.9812,0.07428,0.5378,1.217,0.008353,0.4575
82,1.459,0.674,0.07732,10.91,11.1,0.9059,0.2811,0.05191,0.3024,0.1512,1.157,9.898,9.351,0.08065,1.242,9.065,0.2353,0.2319,0.2923,0.1143,0,0.07354,0.01629,0.06513,0.1359,0.00711,0.01016,0.381,0.1008,0.01366,1.662,0.7619,1.452,0.0168,0.1084,0.008633,0.05389,0.009665,0.1377,0.02861,0.03724,0.06068,0.02942,0,-0.002347,0.03422,0.001743,0.01467,0.01467,0.5411,0.4654,0.06638,0.1232,0.4416,0.00601,0.3723,3.115,0.6018,0.4059,1.033,0.07269,0.5443,1.2,0.008174,0.4554
83,1.477,0.6542,0.07765,10.69,11.1,0.8813,0.2824,0.05049,0.2963,0.1489,1.17,9.723,9.36,0.07814,1.208,8.893,0.2352,0.2271,0.2867,0.1156,0,0.07221,0.01601,0.06586,0.1343,0.005933,0.009532,0.3853,0.1003,0.01306,1.661,0.7706,1.453,0.01703,0.1043,0.007203,0.05297,0.009467,0.1319,0.02882,0.03602,0.06032,0.02772,0,-0.002501,0.03382,0.001703,0.01447,0.01447,0.5476,0.4497,0.06636,0.1151,0.4511,0.005993,0.3645,3.055,0.6088,0.3971,1.087,0.0711,0.5509,1.183,0.007995,0.4536
84,1.495,0.6343,0.07797,10.47,11.09,0.8567,0.2838,0.04924,0.2902,0.1466,1.183,9.551,9.368,0.07577,1.174,8.723,0.2351,0.2224,0.2813,0.1169,0,0.07086,0.01574,0.06666,0.1326,0.004914,0.008935,0.3897,0.09981,0.01247,1.66,0.7794,1.454,0.01726,0.1002,0.005966,0.05207,0.009272,0.1262,0.02901,0.03498,0.05997,0.0261,0,-0.002664,0.03343,0.001665,0.01426,0.01426,0.5542,0.435,0.06639,0.1074,0.4607,0.005974,0.3569,2.997,0.6158,0.3885,1.142,0.0695,0.5575,1.166,0.007815,0.4519
85,1.512,0.6149,0.07823,10.26,11.09,0.8328,0.2853,0.04815,0.2843,0.1443,1.196,9.381,9.377,0.07354,1.142,8.556,0.235,0.2179,0.2759,0.1182,0,0.0695,0.01545,0.06753,0.1309,0.00404,0.008369,0.3942,0.09934,0.0119,1.658,0.7883,1.455,0.01751,0.09629,0.004905,0.05117,0.009081,0.1207,0.0292,0.0341,0.05964,0.02455,0,-0.002837,0.03305,0.001624,0.01405,0.01405,0.5607,0.4194,0.06647,0.1002,0.4703,0.005953,0.3494,2.939,0.6227,0.3802,1.197,0.06789,0.564,1.149,0.007634,0.4503
86,1.53,0.5964,0.07846,10.05,11.08,0.8099,0.2868,0.0472,0.2785,0.1421,1.21,9.214,9.385,0.07142,1.11,8.392,0.235,0.2135,0.2706,0.1196,0,0.06813,0.01517,0.06844,0.1292,0.003297,0.007832,0.3987,0.09887,0.01134,1.657,0.7973,1.456,0.01777,0.09241,0.004003,0.05029,0.008893,0.1154,0.02936,0.03336,0.05933,0.02308,0,-0.003019,0.03267,0.001584,0.01383,0.01383,0.5673,0.4048,0.06662,0.09337,0.4799,0.005929,0.3421,2.883,0.6297,0.372,1.253,0.06629,0.5706,1.132,0.007454,0.4489
87,1.548,0.5781,0.07867,9.851,11.08,0.7874,0.2883,0.04636,0.2728,0.1399,1.224,9.049,9.393,0.06941,1.079,8.231,0.2349,0.2093,0.2654,0.121,0,0.06674,0.01488,0.06941,0.1275,0.002672,0.007324,0.4032,0.09842,0.0108,1.656,0.8064,1.458,0.01789,0.08862,0.003244,0.04943,0.00871,0.1102,0.02951,0.03275,0.05889,0.02168,0,-0.003213,0.03229,0.001545,0.01361,0.01361,0.5739,0.3906,0.06683,0.08694,0.4894,0.005904,0.3349,2.827,0.6365,0.3641,1.311,0.06469,0.5771,1.116,0.007274,0.4477
88,1.565,0.56,0.07887,9.652,11.08,0.7652,0.29,0.04563,0.2672,0.1377,1.239,8.886,9.4,0.06748,1.049,8.072,0.2348,0.2052,0.2603,0.1223,0,0.06533,0.01459,0.07044,0.1258,0.00215,0.006844,0.4078,0.09797,0.01027,1.655,0.8156,1.459,0.01818,0.08491,0.00261,0.0486,0.008531,0.1051,0.02964,0.03225,0.05861,0.02034,0,-0.003418,0.03191,0.001507,0.01338,0.01338,0.5804,0.377,0.06711,0.08089,0.499,0.005875,0.3279,2.772,0.6434,0.3565,1.368,0.06307,0.5837,1.099,0.007092,0.4466
89,1.583,0.5431,0.07903,9.458,11.07,0.7443,0.2917,0.04497,0.2617,0.1355,1.255,8.726,9.407,0.06561,1.02,7.916,0.2347,0.2011,0.2553,0.1237,0,0.06389,0.01428,0.07151,0.124,0.001718,0.006391,0.4125,0.09753,0.009761,1.653,0.825,1.461,0.01846,0.08129,0.002086,0.04779,0.008356,0.1002,0.02974,0.03183,0.05835,0.01908,0,-0.003635,0.03153,0.001468,0.01315,0.01315,0.587,0.3638,0.06742,0.0752,0.5086,0.005842,0.3211,2.719,0.6503,0.3487,1.429,0.06144,0.5902,1.083,0.006909,0.4456
90,1.601,0.5254,0.07916,9.268,11.07,0.7226,0.2934,0.04443,0.2563,0.1334,1.271,8.568,9.414,0.06386,0.9906,7.762,0.2346,0.1973,0.2504,0.1252,0,0.0625,0.01399,0.07267,0.1223,0.001363,0.005963,0.4172,0.09722,0.009264,1.652,0.8344,1.463,0.01874,0.07776,0.001655,0.04703,0.008184,0.09551,0.02986,0.03152,0.05809,0.01788,0,-0.003864,0.03116,0.001429,0.01292,0.01292,0.5935,0.3511,0.06778,0.06986,0.5182,0.005813,0.3144,2.666,0.6571,0.3407,1.487,0.05987,0.5968,1.067,0.006732,0.4447
91,1.618,0.5101,0.07925,9.082,11.06,0.7037,0.2953,0.04404,0.2511,0.1313,1.287,8.413,9.421,0.0623,0.9646,7.611,0.2345,0.1936,0.2455,0.1266,0,0.06122,0.01372,0.07387,0.1205,0.001075,0.00556,0.422,0.1027,0.008782,1.651,0.8439,1.464,0.01903,0.07432,0.001305,0.0463,0.008017,0.09093,0.03002,0.03133,0.05784,0.01674,0,-0.004106,0.0308,0.001391,0.01271,0.01271,0.6001,0.3393,0.06819,0.06486,0.5277,0.005794,0.3079,2.615,0.6639,0.3325,1.551,0.05842,0.6034,1.05,0.006569,0.444
92,1.636,0.4928,0.07938,8.901,11.06,0.6831,0.2972,0.04384,0.246,0.1292,1.304,8.26,9.427,0.06099,0.9363,7.463,0.2344,0.1902,0.2408,0.128,0,0.06015,0.0135,0.07514,0.1187,0.0008416,0.005181,0.4268,0.1193,0.008321,1.65,0.8535,1.466,0.01932,0.07099,0.001022,0.04563,0.007853,0.08652,0.03027,0.0313,0.05761,0.01567,0,-0.004362,0.03044,0.001356,0.01255,0.01255,0.6066,0.3283,0.06869,0.06018,0.5372,0.005792,0.3015,2.564,0.6706,0.325,1.61,0.05716,0.6099,1.034,0.006428,0.4434
93,1.654,0.4789,0.07944,8.724,11.05,0.6659,0.2991,0.04377,0.2409,0.1272,1.321,8.109,9.433,0.05984,0.9129,7.317,0.2343,0.1871,0.2361,0.1295,0,0.05919,0.0133,0.07647,0.1169,0.0006549,0.004826,0.4316,0.1234,0.00788,1.648,0.8633,1.468,0.01961,0.06776,0.0007951,0.045,0.007694,0.08227,0.03057,0.03136,0.05739,0.01466,0,-0.004633,0.03008,0.001322,0.0124,0.0124,0.6132,0.3173,0.06931,0.05581,0.5467,0.005799,0.2953,2.515,0.6774,0.3181,1.675,0.05603,0.6165,1.019,0.0063,0.4429
94,1.671,0.4635,0.0795,8.551,11.05,0.6475,0.3011,0.04375,0.236,0.1252,1.339,7.961,9.438,0.05877,0.8876,7.174,0.2341,0.184,0.2315,0.131,0,0.05826,0.01311,0.07787,0.1151,0.0005063,0.004491,0.4366,0.1231,0.00746,1.647,0.8731,1.47,0.0199,0.06462,0.0006147,0.04444,0.007538,0.07818,0.03087,0.03148,0.05717,0.0137,0,-0.004918,0.02973,0.001287,0.01227,0.01227,0.6198,0.3057,0.07002,0.05172,0.5562,0.005809,0.2893,2.466,0.6841,0.3118,1.739,0.05494,0.623,1.003,0.006178,0.4425
95,1.689,0.449,0.07956,8.383,11.04,0.63,0.3031,0.04373,0.2312,0.1233,1.357,7.815,9.443,0.0577,0.8636,7.033,0.234,0.181,0.227,0.1325,0,0.05731,0.01291,0.07933,0.1133,0.000389,0.004178,0.4415,0.1228,0.007057,1.646,0.8831,1.472,0.02019,0.06158,0.0004724,0.04395,0.007386,0.07424,0.03114,0.03161,0.05697,0.01279,0,-0.005219,0.02939,0.001255,0.01212,0.01212,0.6263,0.2953,0.07082,0.0479,0.5657,0.005814,0.2834,2.418,0.6907,0.3057,1.806,0.05384,0.6296,0.9872,0.006054,0.4422
96,1.707,0.4351,0.07959,8.218,11.04,0.6131,0.3053,0.04373,0.2265,0.1214,1.376,7.672,9.448,0.05662,0.8404,6.895,0.2339,0.178,0.2226,0.134,0,0.05632,0.01271,0.08086,0.1114,0.0002971,0.003884,0.4466,0.1224,0.006671,1.645,0.8931,1.474,0.02049,0.05864,0.0003757,0.04353,0.007237,0.07044,0.03139,0.03176,0.05677,0.01194,0,-0.005535,0.02905,0.001221,0.01197,0.01197,0.6329,0.2843,0.07171,0.04434,0.5751,0.005814,0.2776,2.372,0.6974,0.2998,1.875,0.05271,0.6362,0.9718,0.005927,0.442
97,1.724,0.421,0.07962,8.058,11.03,0.5961,0.3075,0.04431,0.2219,0.1196,1.395,7.531,9.452,0.05554,0.8172,6.76,0.2338,0.1751,0.2183,0.1355,0,0.05531,0.0125,0.08245,0.1096,0.0002255,0.003608,0.4516,0.1221,0.006301,1.644,0.9033,1.476,0.02078,0.0558,0.0008986,0.04319,0.007092,0.0668,0.03161,0.03251,0.05658,0.01114,0,-0.005869,0.02871,0.00119,0.01181,0.01181,0.6394,0.2742,0.07268,0.04102,0.5845,0.005811,0.272,2.326,0.704,0.294,1.943,0.05158,0.6427,0.9565,0.0058,0.4419
98,1.742,0.4085,0.07962,7.902,11.02,0.5809,0.3101,0.05435,0.2174,0.1179,1.415,7.392,9.456,0.05445,0.7963,6.627,0.2337,0.1724,0.214,0.137,0,0.05428,0.01228,0.08411,0.1077,0.0001702,0.00335,0.4568,0.1218,0.005951,1.642,0.9135,1.479,0.02108,0.05305,0.01091,0.04294,0.006951,0.0633,0.0318,0.04271,0.05641,0.01039,0,-0.00622,0.02838,0.001159,0.01164,0.01164,0.646,0.2644,0.07376,0.03792,0.5939,0.005803,0.2664,2.281,0.7106,0.2887,2.01,0.05043,0.6493,0.9413,0.00567,0.4419
99,1.76,0.3967,0.07959,7.75,11.02,0.5674,0.315,0.1199,0.213,0.1174,1.435,7.255,9.459,0.05335,0.7777,6.496,0.2335,0.1707,0.2098,0.1386,0,0.05322,0.01206,0.08584,0.1058,0.0001277,0.003109,0.4619,0.1215,0.00564,1.641,0.9239,1.481,0.02137,0.05041,0.07648,0.04276,0.006813,0.05994,0.03197,0.1085,0.05624,0.009678,0,-0.006589,0.02805,0.00113,0.01146,0.01146,0.6526,0.2536,0.07511,0.03504,0.6032,0.005792,0.2611,2.237,0.7171,0.2855,2.077,0.04926,0.6558,0.9263,0.00554,0.442
100,1.778,0.3835,0.07959,7.6,11.01,0.5549,0.3252,0.2732,0.2086,0.1193,1.456,7.121,9.462,0.05223,0.7607,6.368,0.2334,0.1715,0.2058,0.1402,0,0.05213,0.01183,0.08762,0.1039,9.529e-05,0.002882,0.4672,0.1212,0.00539,1.64,0.9344,1.483,0.02167,0.04786,0.2298,0.0425,0.006677,0.05672,0.03211,0.2619,0.05608,0.009009,0,-0.006976,0.02773,0.00111,0.01128,0.01128,0.6591,0.2421,0.07692,0.03235,0.6125,0.005775,0.2557,2.194,0.7236,0.2868,2.139,0.04808,0.6624,0.9114,0.005407,0.4422
101,1.795,0.3721,0.07956,7.447,11.0,0.5453,0.3379,0.3388,0.2044,0.1221,1.477,6.989,9.465,0.05109,0.7475,6.242,0.2332,0.1732,0.2018,0.1417,0,0.05101,0.01159,0.08948,0.102,7.071e-05,0.002669,0.4725,0.1209,0.005162,1.639,0.9449,1.486,0.02199,0.04541,0.2954,0.04178,0.006538,0.05364,0.03222,0.3277,0.05592,0.008376,0,-0.00738,0.02739,0.001089,0.01109,0.01109,0.6657,0.2294,0.07899,0.02982,0.6217,0.0057540000000000004,0.2504,2.15,0.7301,0.2898,2.212,0.04689,0.6689,0.8967,0.005272,0.4424
102,1.813,0.3592,0.07953,7.289,11.0,0.532,0.3462,0.2078,0.2003,0.1229,1.499,6.859,9.467,0.04992,0.7293,6.119,0.2331,0.1728,0.1978,0.1433,0,0.04987,0.01135,0.09139,0.1001,5.22e-05,0.002466,0.4778,0.1206,0.004894,1.638,0.9556,1.489,0.02233,0.04306,0.1646,0.04042,0.006396,0.05069,0.0323,0.1969,0.05577,0.007774,0,-0.0078,0.02705,0.001064,0.01089,0.01089,0.6722,0.218,0.08082,0.02742,0.6309,0.005728,0.2451,2.106,0.7366,0.2891,2.291,0.04567,0.6755,0.8821,0.005136,0.4427
103,1.831,0.348,0.07947,7.131,10.99,0.5184,0.3503,0.0833,0.1963,0.1217,1.521,6.732,9.469,0.04873,0.7106,5.999,0.2329,0.1704,0.194,0.145,0,0.04869,0.0111,0.09337,0.09816,3.833e-05,0.002276,0.4832,0.1203,0.0046,1.637,0.9664,1.491,0.02268,0.0408,0.04026,0.03871,0.006253,0.04786,0.03235,0.07261,0.05563,0.007207,0,-0.008239,0.0267,0.001035,0.01069,0.01069,0.6788,0.2081,0.08243,0.02519,0.6401,0.005698,0.2398,2.063,0.743,0.285,2.378,0.04444,0.6821,0.8676,0.004997,0.4431
104,1.848,0.3355,0.07944,6.976,10.98,0.503,0.3533,0.04727,0.1923,0.1199,1.544,6.606,9.47,0.04752,0.6895,5.88,0.2328,0.1675,0.1902,0.1466,0,0.04749,0.01084,0.09545,0.09622,2.801e-05,0.002099,0.4886,0.1201,0.004309,1.636,0.9773,1.494,0.02303,0.03864,0.004408,0.03694,0.006113,0.04517,0.03238,0.03679,0.0555,0.006676,0,-0.008697,0.02635,0.001005,0.01048,0.01048,0.6853,0.1991,0.08401,0.02312,0.6492,0.005664,0.2346,2.02,0.7493,0.2798,2.466,0.0432,0.6886,0.8534,0.004857,0.4435
105,1.866,0.3243,0.07941,6.826,10.97,0.4889,0.3563,0.04292,0.1885,0.1182,1.568,6.483,9.471,0.04633,0.6701,5.764,0.2326,0.1645,0.1866,0.1482,0,0.04631,0.01059,0.09761,0.09427,2.036e-05,0.001935,0.4941,0.124,0.00403,1.635,0.9883,1.497,0.02339,0.03656,0.0002393,0.03521,0.005976,0.0426,0.03241,0.03265,0.05537,0.006181,0,-0.009176,0.02601,0.0009782,0.01027,0.01027,0.6919,0.1914,0.08566,0.02121,0.6583,0.005631,0.2295,1.978,0.7557,0.2745,2.556,0.04197,0.6952,0.8392,0.00472,0.4441
106,1.884,0.3136,0.07935,6.679,10.96,0.4753,0.3594,0.04257,0.1847,0.1166,1.592,6.362,9.471,0.04519,0.6516,5.65,0.2324,0.1618,0.183,0.1499,0,0.04518,0.01035,0.09985,0.0923,1.473e-05,0.001783,0.4997,0.1448,0.003766,1.634,0.9994,1.5,0.02374,0.03458,2.27e-05,0.03352,0.005843,0.04016,0.03248,0.0325,0.05526,0.00572,0,-0.009677,0.02567,0.0009501,0.01007,0.01007,0.6985,0.1833,0.08738,0.01945,0.6673,0.005604,0.2246,1.937,0.762,0.2691,2.647,0.04081,0.7017,0.8252,0.004589,0.4448
107,1.901,0.304,0.07928,6.536,10.95,0.4631,0.3627,0.04251,0.1811,0.115,1.617,6.243,9.471,0.04417,0.6348,5.539,0.2322,0.1591,0.1794,0.1516,0,0.04415,0.01014,0.1022,0.09033,1.061e-05,0.001642,0.5053,0.1532,0.003517,1.633,1.011,1.503,0.0241,0.03268,1.293e-05,0.03188,0.005713,0.03784,0.0326,0.03261,0.05515,0.005292,0,-0.0102,0.02534,0.0009252,0.009897,0.009897,0.705,0.1765,0.08922,0.01783,0.6762,0.005588,0.2197,1.897,0.7682,0.264,2.744,0.03975,0.7083,0.8114,0.00447,0.4456
108,1.919,0.2935,0.07922,6.398,10.94,0.4502,0.3662,0.04253,0.1775,0.1134,1.642,6.126,9.47,0.04322,0.6171,5.43,0.232,0.1567,0.176,0.1533,0,0.04322,0.009941,0.1046,0.08835,7.609e-06,0.001512,0.5109,0.1542,0.003284,1.632,1.022,1.506,0.02446,0.03087,9.239e-06,0.03029,0.005587,0.03563,0.03278,0.03279,0.05506,0.004893,0,-0.01075,0.02501,0.0008986,0.00974,0.00974,0.7116,0.1688,0.09116,0.01634,0.6852,0.005581,0.215,1.857,0.7745,0.2591,2.842,0.03878,0.7149,0.7978,0.004361,0.4465
109,1.937,0.2841,0.07916,6.263,10.93,0.4384,0.3699,0.0426,0.174,0.112,1.668,6.012,9.468,0.04236,0.601,5.323,0.2318,0.1543,0.1726,0.155,0,0.04235,0.009762,0.1071,0.08635,5.432e-06,0.001392,0.5166,0.1707,0.003064,1.631,1.033,1.509,0.02482,0.02915,6.596e-06,0.02875,0.005464,0.03354,0.033,0.033,0.05497,0.004523,0,-0.01132,0.02468,0.0008761,0.009599,0.009599,0.7181,0.1627,0.09322,0.01497,0.694,0.005583,0.2104,1.819,0.7807,0.2545,2.939,0.03789,0.7214,0.7843,0.00426,0.4474
110,1.954,0.2756,0.07907,6.131,10.92,0.4277,0.3737,0.04273,0.1706,0.1106,1.695,5.899,9.466,0.04156,0.5863,5.218,0.2316,0.1522,0.1693,0.1567,0,0.04155,0.0096,0.1097,0.08435,3.862e-06,0.001281,0.5224,0.1798,0.002859,1.63,1.045,1.512,0.02518,0.02751,4.689e-06,0.02727,0.005344,0.03156,0.03326,0.03326,0.05488,0.004179,0,-0.01191,0.02436,0.0008521,0.009471,0.009471,0.7247,0.1557,0.09541,0.01371,0.7028,0.005592,0.206,1.781,0.7868,0.2502,3.044,0.03706,0.728,0.7709,0.004167,0.4485
111,1.972,0.2663,0.07901,6.003,10.91,0.4164,0.3777,0.04288,0.1673,0.1093,1.722,5.789,9.463,0.04078,0.5708,5.116,0.2313,0.1501,0.1661,0.1585,0,0.04078,0.009445,0.1124,0.08234,2.735e-06,0.001179,0.5282,0.18,0.002668,1.629,1.056,1.516,0.02554,0.02595,3.321e-06,0.02584,0.005227,0.02969,0.03352,0.03353,0.05481,0.00386,0,-0.01253,0.02404,0.0008324,0.00935,0.00935,0.7313,0.1502,0.09773,0.01256,0.7115,0.005603,0.2016,1.744,0.7929,0.2463,3.151,0.03627,0.7345,0.7577,0.004079,0.4497
112,1.99,0.2583,0.07892,5.879,10.9,0.4063,0.3819,0.043,0.164,0.108,1.75,5.681,9.459,0.04,0.557,5.016,0.2311,0.148,0.1629,0.1602,0,0.04,0.009289,0.1152,0.08031,1.929e-06,0.001084,0.5341,0.18,0.00249,1.628,1.068,1.52,0.0259,0.02446,2.362e-06,0.02446,0.005113,0.02791,0.03377,0.03377,0.05474,0.003563,0,-0.01318,0.02373,0.0008099,0.009226,0.009226,0.7378,0.1433,0.1002,0.0115,0.7202,0.005611,0.1973,1.708,0.799,0.2428,3.26,0.03549,0.7411,0.7447,0.003991,0.4509
113,2.007,0.2507,0.07883,5.758,10.88,0.3967,0.3863,0.04306,0.1608,0.1068,1.779,5.575,9.455,0.03918,0.5438,4.918,0.2308,0.146,0.1598,0.162,0,0.03918,0.009124,0.1181,0.07829,1.356e-06,0.0009967,0.54,0.18,0.002323,1.627,1.08,1.523,0.02626,0.02305,3.327e-06,0.02313,0.005002,0.02622,0.03396,0.03397,0.05467,0.003288,0,-0.01385,0.02342,0.0007886,0.009092,0.009092,0.7444,0.1367,0.1028,0.01052,0.7288,0.005611,0.1932,1.673,0.805,0.2394,3.375,0.03468,0.7476,0.7319,0.0039,0.4523
114,2.025,0.2426,0.07877,5.64,10.87,0.3866,0.391,0.04313,0.1577,0.1057,1.809,5.471,9.45,0.03832,0.5299,4.822,0.2306,0.144,0.1568,0.1638,0,0.03832,0.008952,0.1211,0.07625,9.494e-07,0.0009161,0.546,0.18,0.002166,1.626,1.092,1.527,0.02661,0.0217,6.767e-05,0.02186,0.004893,0.02462,0.03411,0.03418,0.05461,0.003033,0,-0.01455,0.02311,0.0007716,0.00895,0.00895,0.7509,0.1319,0.1054,0.009626,0.7373,0.005604,0.1891,1.638,0.811,0.2361,3.495,0.03386,0.7542,0.7192,0.003807,0.4537
115,2.043,0.2351,0.07867,5.525,10.85,0.3771,0.3959,0.04427,0.1547,0.1046,1.839,5.369,9.444,0.03742,0.517,4.728,0.2303,0.1421,0.1539,0.1656,0,0.03742,0.008774,0.1243,0.07421,6.627e-07,0.0008418,0.552,0.18,0.002019,1.625,1.104,1.531,0.02697,0.02042,0.001259,0.02065,0.004787,0.02311,0.03422,0.03548,0.05456,0.002797,0,-0.01527,0.0228,0.0007509,0.008799,0.008799,0.7575,0.1254,0.1082,0.008805,0.7458,0.005591,0.1851,1.604,0.8169,0.233,3.618,0.03302,0.7608,0.7067,0.003713,0.4553
116,2.061,0.2283,0.07858,5.413,10.84,0.3686,0.4015,0.05447,0.1518,0.1038,1.87,5.269,9.437,0.03649,0.5052,4.636,0.23,0.1403,0.151,0.1674,0,0.03649,0.00859,0.1275,0.07216,4.61e-07,0.0007732,0.5581,0.1801,0.001883,1.624,1.116,1.535,0.02733,0.01921,0.01155,0.01948,0.004684,0.02169,0.03427,0.04582,0.05451,0.002578,0,-0.01602,0.0225,0.000733,0.008641,0.008641,0.764,0.1198,0.1112,0.008051,0.7542,0.005571,0.1812,1.571,0.8229,0.2303,3.741,0.03216,0.7673,0.6944,0.003616,0.4569
117,2.078,0.2219,0.07849,5.305,10.82,0.361,0.4092,0.095,0.1489,0.1036,1.902,5.171,9.429,0.03552,0.4948,4.546,0.2297,0.1391,0.1482,0.1693,0,0.03552,0.0084,0.1308,0.07011,3.197e-07,0.0007101,0.5642,0.1802,0.00176,1.623,1.128,1.539,0.02768,0.01806,0.05224,0.01834,0.004583,0.02034,0.03429,0.08652,0.05446,0.002375,0,-0.01681,0.02219,0.0007178,0.008475,0.008475,0.7706,0.1145,0.1144,0.00736,0.7626,0.005544,0.1773,1.538,0.8287,0.2287,3.868,0.03129,0.7739,0.6822,0.003519,0.4587
118,2.096,0.2155,0.0784,5.197,10.8,0.3543,0.42,0.1607,0.1461,0.1043,1.935,5.075,9.421,0.03451,0.4857,4.459,0.2293,0.1388,0.1454,0.1711,0,0.03451,0.008204,0.1343,0.06805,2.211e-07,0.0006517,0.5704,0.1802,0.001651,1.622,1.141,1.543,0.02804,0.01697,0.1182,0.01709,0.004483,0.01906,0.03425,0.1524,0.05441,0.002187,0,-0.01761,0.02189,0.0007041,0.008302,0.008302,0.7772,0.1084,0.118,0.006725,0.7708,0.005511,0.1735,1.506,0.8345,0.2286,4.0,0.03041,0.7804,0.6702,0.00342,0.4606
119,2.114,0.209,0.07831,5.091,10.78,0.3478,0.432,0.1782,0.1433,0.1053,1.969,4.98,9.411,0.03346,0.4767,4.373,0.2289,0.1387,0.1427,0.173,0,0.03346,0.008003,0.1379,0.06599,1.525e-07,0.0005976,0.5766,0.1803,0.001549,1.622,1.153,1.547,0.0284,0.01594,0.1359,0.0155,0.004384,0.01786,0.03417,0.17,0.05437,0.002012,0,-0.01845,0.02158,0.0006904,0.008122,0.008122,0.7837,0.102,0.1218,0.006138,0.779,0.005471,0.1698,1.474,0.8403,0.229,4.141,0.02952,0.787,0.6584,0.00332,0.4625
120,2.131,0.2023,0.07822,4.984,10.76,0.3402,0.442,0.1226,0.1406,0.1055,2.003,4.888,9.401,0.03239,0.4664,4.289,0.2286,0.1379,0.1401,0.1749,0,0.03239,0.007798,0.1416,0.06392,1.049e-07,0.0005475,0.5829,0.1805,0.001447,1.621,1.166,1.552,0.02877,0.01496,0.08061,0.01349,0.004284,0.01672,0.03404,0.1146,0.05433,0.001849,0,-0.01931,0.02127,0.0006767,0.007937,0.007937,0.7903,0.09678,0.1255,0.005597,0.7872,0.005425,0.1661,1.443,0.846,0.2281,4.288,0.02863,0.7936,0.6468,0.003219,0.4646
121,2.149,0.197,0.07809,4.878,10.74,0.3334,0.4499,0.06672,0.138,0.1051,2.039,4.798,9.389,0.03131,0.4571,4.207,0.2282,0.1364,0.1375,0.1768,0,0.03131,0.007594,0.1454,0.06185,7.202e-08,0.0005013,0.5892,0.1806,0.001345,1.62,1.178,1.556,0.02915,0.01403,0.02507,0.01123,0.004185,0.01565,0.0339,0.05897,0.05429,0.001698,0,-0.02019,0.02096,0.0006618,0.007751,0.007751,0.7968,0.09214,0.1291,0.005101,0.7952,0.005378,0.1624,1.412,0.8517,0.226,4.449,0.02774,0.8001,0.6353,0.003119,0.4668
122,2.167,0.1913,0.07797,4.774,10.72,0.326,0.4573,0.04546,0.1355,0.1044,2.075,4.71,9.376,0.03022,0.4468,4.127,0.2277,0.1346,0.135,0.1787,0,0.03022,0.007393,0.1493,0.05977,4.932e-08,0.0004589,0.5956,0.1811,0.001249,1.619,1.191,1.561,0.02953,0.01316,0.004155,0.008871,0.004088,0.01464,0.03374,0.03789,0.05426,0.001559,0,-0.02112,0.02065,0.0006454,0.007567,0.007567,0.8034,0.08711,0.1327,0.004647,0.8032,0.005329,0.1588,1.381,0.8573,0.2237,4.621,0.02688,0.8067,0.6241,0.003022,0.4691
123,2.184,0.1849,0.07788,4.673,10.7,0.3178,0.465,0.04131,0.133,0.1038,2.113,4.623,9.362,0.02913,0.4356,4.049,0.2273,0.1329,0.1326,0.1806,0,0.02913,0.007194,0.1534,0.05768,3.37e-08,0.0004199,0.602,0.1964,0.001159,1.618,1.204,1.566,0.0299,0.01234,0.0003723,0.006482,0.003993,0.0137,0.03355,0.03393,0.05423,0.001431,0,-0.02207,0.02033,0.0006295,0.007382,0.007382,0.81,0.08208,0.1364,0.004232,0.8111,0.005278,0.1553,1.351,0.8629,0.2215,4.792,0.02602,0.8132,0.613,0.002926,0.4716
124,2.202,0.1808,0.07779,4.575,10.67,0.3121,0.4731,0.04055,0.1306,0.1032,2.151,4.539,9.347,0.02802,0.4278,3.973,0.2268,0.1312,0.1302,0.1826,0,0.02802,0.006994,0.1575,0.05557,2.297e-08,0.0003842,0.6085,0.2085,0.001076,1.618,1.217,1.571,0.03027,0.01156,1.822e-05,0.004065,0.0039,0.0128,0.03334,0.03336,0.05419,0.001312,0,-0.02307,0.02002,0.0006175,0.007195,0.007195,0.8165,0.07857,0.1403,0.003854,0.8189,0.005224,0.1518,1.321,0.8685,0.2195,4.982,0.02518,0.8198,0.6021,0.002831,0.4742
125,2.22,0.175,0.0777,4.479,10.64,0.3046,0.4818,0.04009,0.1282,0.1027,2.191,4.456,9.33,0.02691,0.4176,3.898,0.2263,0.1296,0.1279,0.1845,0,0.02691,0.006791,0.1619,0.05343,1.56e-08,0.0003515,0.6151,0.209,0.0009981,1.617,1.23,1.576,0.03064,0.01082,5.082e-07,0.001611,0.003809,0.01196,0.03308,0.03308,0.05415,0.001203,0,-0.02412,0.01971,0.0006032,0.007004,0.007004,0.8231,0.07407,0.1443,0.003509,0.8267,0.005164,0.1484,1.292,0.874,0.2175,5.183,0.02433,0.8263,0.5915,0.002736,0.477
126,2.237,0.1693,0.07761,4.385,10.61,0.2975,0.491,0.03962,0.1259,0.1023,2.232,4.375,9.311,0.0258,0.4078,3.824,0.2257,0.1281,0.1256,0.1865,0,0.0258,0.006591,0.1665,0.05129,1.059e-08,0.0003215,0.6217,0.2095,0.0009252,1.616,1.243,1.581,0.03099,0.01013,2.031e-08,-0.000887,0.00372,0.01118,0.0328,0.0328,0.05411,0.001103,0,-0.02523,0.0194,0.0005902,0.006814,0.006814,0.8296,0.07008,0.1484,0.003194,0.8343,0.005103,0.1451,1.264,0.8795,0.2156,5.386,0.0235,0.8329,0.581,0.002642,0.4799
127,2.255,0.1656,0.07748,4.294,10.58,0.2923,0.5008,0.03916,0.1237,0.102,2.275,4.296,9.291,0.02471,0.4007,3.752,0.2251,0.1267,0.1234,0.1885,0,0.02471,0.006398,0.1713,0.04914,7.174e-09,0.000294,0.6283,0.2142,0.0008568,1.616,1.257,1.586,0.03135,0.009482,8.776e-09,-0.003441,0.003632,0.01044,0.03253,0.03253,0.05407,0.001011,0,-0.02642,0.01909,0.0005774,0.00663,0.00663,0.8362,0.06629,0.1526,0.002908,0.8419,0.005043,0.1418,1.236,0.8849,0.2137,5.608,0.0227,0.8395,0.5708,0.002552,0.483
128,2.273,0.1608,0.07736,4.205,10.55,0.2862,0.5113,0.03874,0.1215,0.1018,2.319,4.219,9.27,0.02366,0.3923,3.682,0.2245,0.1254,0.1213,0.1905,0,0.02366,0.006217,0.1762,0.047,4.856e-09,0.0002689,0.635,0.2375,0.0007944,1.615,1.27,1.592,0.03169,0.008871,5.896e-09,-0.006062,0.003547,0.009746,0.03228,0.03228,0.05401,0.0009265,0,-0.02771,0.01877,0.0005649,0.006457,0.006457,0.8427,0.06234,0.157,0.002647,0.8494,0.004986,0.1386,1.208,0.8903,0.2122,5.839,0.02195,0.846,0.5607,0.002468,0.4863
129,2.29,0.1572,0.07724,4.118,10.51,0.2814,0.5225,0.03831,0.1194,0.1016,2.364,4.143,9.246,0.02264,0.3857,3.612,0.2239,0.1242,0.1191,0.1925,0,0.02264,0.006041,0.1813,0.04486,3.284e-09,0.000246,0.6418,0.2475,0.0007373,1.614,1.284,1.597,0.03203,0.008297,3.987e-09,-0.008761,0.003462,0.009098,0.03202,0.03202,0.05395,0.0008487,0,-0.02913,0.01846,0.000555,0.006288,0.006288,0.8493,0.0593,0.1615,0.00241,0.8568,0.004929,0.1355,1.181,0.8956,0.2109,6.091,0.02123,0.8526,0.5509,0.002387,0.4898
130,2.308,0.1527,0.07712,4.032,10.48,0.2758,0.5345,0.03785,0.1173,0.1015,2.411,4.069,9.221,0.02162,0.3781,3.544,0.2232,0.1231,0.1171,0.1946,0,0.02162,0.005866,0.1867,0.04271,2.219e-09,0.0002249,0.6486,0.2483,0.0006852,1.613,1.297,1.603,0.03236,0.007758,2.695e-09,-0.01155,0.003379,0.008491,0.03173,0.03173,0.05388,0.0007772,0,-0.03072,0.01814,0.0005435,0.006118,0.006118,0.8559,0.05525,0.1662,0.002194,0.8642,0.004865,0.1324,1.155,0.9008,0.21,6.362,0.02051,0.8591,0.5413,0.002307,0.4935
131,2.326,0.1484,0.077,3.949,10.44,0.2705,0.5473,0.0373,0.1153,0.1015,2.459,3.998,9.194,0.02059,0.3708,3.476,0.2224,0.1221,0.1151,0.1966,0,0.02059,0.005686,0.1923,0.04058,1.499e-09,0.0002057,0.6554,0.2492,0.0006367,1.613,1.311,1.609,0.03268,0.007249,1.82e-09,-0.01445,0.003298,0.00792,0.03136,0.03136,0.0538,0.0007114,0,-0.03254,0.01783,0.0005336,0.005941,0.005941,0.8624,0.05181,0.1711,0.001997,0.8714,0.004791,0.1294,1.129,0.9061,0.2092,6.645,0.01979,0.8657,0.5319,0.002226,0.4975
132,2.343,0.1455,0.07684,3.868,10.4,0.2667,0.5611,0.03669,0.1133,0.1016,2.51,3.928,9.165,0.01956,0.3656,3.408,0.2216,0.1212,0.1132,0.1987,0,0.01956,0.005502,0.1981,0.03844,1.012e-09,0.000188,0.6623,0.2579,0.0005917,1.612,1.325,1.616,0.03298,0.006771,1.229e-09,-0.01747,0.003218,0.007384,0.03093,0.03093,0.05371,0.0006509,0,-0.03467,0.01751,0.0005221,0.005758,0.005758,0.869,0.04766,0.1761,0.001817,0.8786,0.004708,0.1264,1.103,0.9112,0.2085,6.959,0.01907,0.8723,0.5228,0.002144,0.5017
133,2.361,0.141,0.07672,3.788,10.35,0.2613,0.5759,0.03601,0.1114,0.1018,2.562,3.859,9.133,0.01853,0.3582,3.34,0.2208,0.1203,0.1113,0.2008,0,0.01853,0.005315,0.2042,0.03631,6.838e-10,0.0001718,0.6693,0.2758,0.0005499,1.612,1.339,1.622,0.03328,0.006321,8.302e-10,-0.02062,0.003139,0.006882,0.03044,0.03044,0.05361,0.0005952,0,-0.03723,0.01719,0.0005144,0.005571,0.005571,0.8755,0.04495,0.1812,0.001653,0.8856,0.004616,0.1234,1.078,0.9163,0.208,7.294,0.01834,0.8788,0.5139,0.002062,0.5062
134,2.379,0.1382,0.07657,3.71,10.31,0.2578,0.5918,0.03528,0.1096,0.1021,2.616,3.793,9.099,0.01752,0.3534,3.272,0.2199,0.1196,0.1094,0.2029,0,0.01752,0.005126,0.2105,0.03419,4.619e-10,0.000157,0.6763,0.2791,0.0005117,1.611,1.353,1.629,0.03356,0.005898,5.608e-10,-0.02392,0.003061,0.00641,0.0299,0.0299,0.05349,0.0005441,0,-0.04036,0.01687,0.0005048,0.005381,0.005381,0.8821,0.04126,0.1866,0.001503,0.8926,0.004515,0.1205,1.053,0.9213,0.2078,7.667,0.01761,0.8854,0.5052,0.00198,0.511
135,2.397,0.1345,0.07642,3.634,10.26,0.2535,0.609,0.03446,0.1078,0.1024,2.673,3.728,9.063,0.01652,0.3475,3.202,0.2189,0.119,0.1076,0.205,0,0.01652,0.004932,0.2172,0.03208,3.123e-10,0.0001434,0.6834,0.2801,0.0004769,1.61,1.367,1.636,0.03383,0.005501,3.791e-10,-0.02739,0.002985,0.005968,0.02927,0.02927,0.05335,0.000497,0,-0.04427,0.01654,0.0004979,0.005184,0.005184,0.8887,0.03847,0.1921,0.001367,0.8995,0.004402,0.1177,1.028,0.9263,0.2079,8.076,0.01687,0.8919,0.4968,0.001897,0.5161
136,2.414,0.1308,0.07623,3.559,10.2,0.2493,0.6276,0.03353,0.106,0.1029,2.732,3.665,9.024,0.01552,0.3417,3.13,0.2179,0.1184,0.1059,0.2071,0,0.01552,0.00473,0.2242,0.02997,2.112e-10,0.0001309,0.6905,0.2812,0.0004452,1.61,1.381,1.643,0.03408,0.005126,2.565e-10,-0.03105,0.002909,0.005552,0.02855,0.02855,0.0532,0.0004537,0,-0.04925,0.01621,0.0004903,0.004977,0.004977,0.8952,0.03527,0.1978,0.001242,0.9063,0.004275,0.1149,1.004,0.9312,0.2083,8.521,0.01611,0.8985,0.4887,0.001812,0.5216
137,2.432,0.1288,0.07602,3.486,10.15,0.2468,0.6478,0.03246,0.1043,0.1035,2.795,3.603,8.983,0.01452,0.3383,3.056,0.2169,0.118,0.1042,0.2093,0,0.01452,0.004515,0.2316,0.02788,1.431e-10,0.0001195,0.6977,0.2823,0.0004155,1.609,1.395,1.651,0.03431,0.004772,1.737e-10,-0.0349,0.002834,0.005161,0.0277,0.0277,0.05303,0.0004137,0,-0.05569,0.01588,0.0004821,0.004756,0.004756,0.9018,0.03178,0.2037,0.001128,0.9129,0.004128,0.1121,0.9804,0.9361,0.2088,9.047,0.01532,0.905,0.4808,0.001723,0.5275
138,2.45,0.1244,0.07581,3.414,10.09,0.2421,0.6698,0.03127,0.1027,0.1042,2.86,3.544,8.938,0.01352,0.3319,2.977,0.2157,0.1177,0.1026,0.2115,0,0.01352,0.004292,0.2395,0.02579,9.704e-11,0.000109,0.7049,0.2835,0.0003878,1.609,1.41,1.659,0.03453,0.004439,1.178e-10,-0.03898,0.002761,0.004793,0.02674,0.02674,0.05283,0.0003769,0,-0.06413,0.01554,0.0004742,0.004524,0.004524,0.9083,0.02824,0.2098,0.001024,0.9195,0.003966,0.1093,0.9569,0.9409,0.2095,9.635,0.01451,0.9116,0.4732,0.001631,0.534
139,2.467,0.1226,0.07553,3.343,10.03,0.2402,0.694,0.02997,0.1011,0.105,2.93,3.486,8.89,0.01253,0.3292,2.893,0.2145,0.1175,0.101,0.2136,0,0.01253,0.004061,0.2478,0.02372,6.594e-11,9.932e-05,0.7122,0.285,0.000362,1.608,1.424,1.667,0.03472,0.004125,8.005e-11,-0.04329,0.002688,0.004447,0.02569,0.02569,0.05261,0.0003431,0,-0.07534,0.0152,0.0004672,0.004283,0.004283,0.9149,0.02506,0.2161,0.0009293,0.926,0.003788,0.1066,0.9336,0.9456,0.2105,10.25,0.01367,0.9182,0.4659,0.001538,0.541
140,2.485,0.1201,0.07523,3.273,9.963,0.2376,0.7205,0.02857,0.09949,0.106,3.003,3.43,8.839,0.01155,0.3257,2.802,0.2132,0.1175,0.0994,0.2158,0,0.01155,0.003824,0.2567,0.02167,4.491e-11,9.046e-05,0.7195,0.2976,0.0003388,1.608,1.439,1.675,0.03489,0.00383,5.452e-11,-0.04786,0.002615,0.004122,0.02454,0.02454,0.05236,0.000312,0,-0.09043,0.01485,0.0004611,0.004035,0.004035,0.9214,0.02205,0.2226,0.0008425,0.9324,0.003597,0.1039,0.9107,0.9502,0.2119,11.05,0.01283,0.9247,0.4589,0.001443,0.5486
141,2.503,0.1169,0.07489,3.205,9.893,0.2346,0.75,0.02705,0.09798,0.1071,3.081,3.376,8.785,0.01058,0.3216,2.701,0.2119,0.1177,0.09789,0.2181,0,0.01058,0.003577,0.2665,0.01963,3.066e-11,8.233e-05,0.7269,0.317,0.000318,1.607,1.454,1.684,0.03504,0.003552,3.723e-11,-0.0527,0.002544,0.003816,0.02327,0.02327,0.05209,0.0002833,0,-0.1111,0.0145,0.0004565,0.003777,0.003777,0.928,0.01939,0.2295,0.0007631,0.9386,0.003388,0.1013,0.888,0.9548,0.2137,12.2,0.01196,0.9313,0.4522,0.001345,0.557
142,2.52,0.1143,0.07449,3.138,9.82,0.2322,0.7833,0.02536,0.09651,0.1084,3.167,3.323,8.726,0.009585,0.3183,2.587,0.2104,0.1179,0.09643,0.2203,0,0.009585,0.003317,0.2772,0.01761,2.1e-11,7.483e-05,0.7343,0.3193,0.0002994,1.607,1.469,1.694,0.03516,0.003288,2.55e-11,-0.05782,0.002473,0.003528,0.02185,0.02185,0.05178,0.0002569,0,-0.1401,0.01415,0.0004487,0.003502,0.003502,0.9346,0.01511,0.2367,0.0006904,0.9448,0.003157,0.09866,0.8656,0.9593,0.216,12.81,0.01106,0.9378,0.4459,0.001243,0.5667
143,2.538,0.1114,0.0741,3.072,9.742,0.2299,0.8208,0.02347,0.09508,0.11,3.257,3.273,8.664,0.00857,0.3152,2.452,0.2089,0.1185,0.09501,0.2225,0,0.00857,0.003038,0.2884,0.01561,1.444e-11,6.792e-05,0.7418,0.3214,0.000282,1.606,1.484,1.704,0.03524,0.003039,1.753e-11,-0.06323,0.002403,0.003255,0.02026,0.02026,0.05143,0.0002325,0,-0.1828,0.01379,0.0004474,0.003209,0.003209,0.9411,0.01322,0.2446,0.0006237,0.9508,0.002898,0.09605,0.8435,0.9637,0.2189,13.69,0.0101,0.9444,0.4399,0.001135,0.5768
144,2.556,0.1083,0.07361,3.008,9.66,0.2698,1.196,0.02141,0.09369,0.154,3.352,3.224,8.597,0.00754,0.3699,2.283,0.2072,0.1615,0.09362,0.2248,0,0.00754,0.002746,0.3,0.01364,9.97e-12,6.155e-05,0.7493,0.324,0.0003524,1.605,1.499,1.715,0.0353,0.002803,1.211e-11,-0.06896,0.002333,0.002997,0.01851,0.01851,0.05105,0.00021,0,-0.2503,0.01342,0.00052,0.0029,0.0029,0.9477,-0.02306,0.3522,0.0005625,0.9567,0.002617,0.09346,0.8215,0.968,0.3039,18.17,0.009099,0.951,0.4343,0.001023,0.5878
145,2.573,0.106,0.07306,2.921,9.537,0.3647,2.067,0.01921,0.09232,0.2522,3.477,3.157,8.496,0.006497,0.5,2.058,0.2047,0.2587,0.09227,0.2271,0,0.006497,0.002441,0.3152,0.01163,6.893e-12,5.376e-05,0.7569,0.3486,0.0004956,1.603,1.514,1.726,0.0353,0.002505,8.369e-12,-0.07617,0.002238,0.002673,0.01663,0.01663,0.05043,0.0001823,0,-0.3581,0.01289,0.0006967,0.002578,0.002578,0.9542,-0.09954,0.5963,0.0004881,0.9624,0.002314,0.08995,0.7913,0.9723,0.4962,14.07,0.008068,0.9575,0.4307,0.0009072,0.602
146,2.591,0.1017,0.07257,2.789,9.32,0.8001,6.191,0.01688,0.08998,0.6929,3.573,3.046,8.316,0.00545,1.097,1.747,0.2003,0.6984,0.08994,0.03364,0,0.00545,0.002128,0.3229,0.009626,4.799e-12,4.309e-05,0.1682,0.3751,0.001057,1.598,0.1682,1.739,0.03513,0.002077,5.826e-12,-0.08472,0.00209,0.002208,0.01463,0.01463,0.04924,0.0001444,0,-0.5411,0.01202,0.001501,0.002246,0.002246,0.9608,-0.4792,1.781,0.0003872,0.968,0.001994,0.08436,0.7428,0.9765,1.411,4.545,0.007013,0.9641,0.4314,0.0007886,0.6063
147,2.609,0.08861,0.0723,2.483,8.642,0.7769,6.182,0.01444,0.08092,0.6839,3.604,2.631,7.746,0.004435,1.065,1.354,0.1864,0.6883,0.0809,0.03398,0,0.004435,0.001806,0.3075,0.007646,3.372e-12,2.031e-05,0.1699,0.3979,0.0005524,1.588,0.1699,1.753,0.03139,0.001043,4.094e-12,-0.05333,0.00173,0.001105,0.01253,0.01253,0.04288,6.467e-05,0,-0.6635,0.009752,0.001451,0.001906,0.001906,0.9674,-0.4745,1.874,0.0001778,0.9735,0.001667,0.06875,0.6053,0.9805,1.385,2.944,0.00594,0.9706,0.3805,0.000668,0.5671
148,2.626,0.07596,0.07175,2.145,7.882,0.7558,6.178,0.01183,0.07148,0.6763,3.624,2.2,7.097,0.003461,1.036,0.9557,0.1706,0.6798,0.07147,0.03432,0,0.003461,0.00147,0.2862,0.005627,2.359e-12,8.174e-06,0.1716,0.4067,0.0002453,1.574,0.1716,1.767,0.0265,0.0004544,2.864e-12,-0.02487,0.001367,0.0004815,0.01028,0.01028,0.03539,2.441e-05,0,-0.8626,0.007526,0.001401,0.001551,0.001551,0.9739,-0.4735,2.017,6.923e-05,0.979,0.001334,0.05344,0.4704,0.9845,1.366,10.14,0.004825,0.9772,0.3269,0.0005426,0.5203
149,2.644,0.06217,0.07098,1.759,6.997,0.7304,6.258,0.008978,0.06131,0.6657,3.692,1.739,6.326,0.002532,1.001,0.6357,0.1519,0.6682,0.0613,0.03466,0,0.002532,0.001111,0.2645,0.003591,1.647e-12,2.623e-06,0.1733,0.4104,8.615e-05,1.557,0.1733,1.781,0.02103,0.0001628,2e-12,0.000623,0.0009971,0.0001736,0.007806,0.007806,0.02736,7.2e-06,0,-1.023,0.00534,0.001345,0.001171,0.001171,0.9805,-0.4749,2.184,2.125e-05,0.9845,0.0009956,0.0383,0.337,0.9886,1.349,22.49,0.00364,0.9837,0.2691,0.0004093,0.4703
150,2.662,0.04533,0.07034,1.298,5.931,0.6228,5.786,0.00597,0.0501,0.5758,3.842,1.231,5.373,0.001641,0.8537,0.4247,0.1288,0.5775,0.0501,0.03501,0,0.001641,0.0007363,0.241,0.001538,1.149e-12,6.174e-07,0.175,0.4142,2.196e-05,1.544,0.175,1.795,0.01349,4.632e-05,1.395e-12,0.02143,0.000624,4.985e-05,0.005194,0.005194,0.01738,1.523e-06,0,-0.8928,0.003274,0.001147,0.0007765,0.0007765,0.987,-0.4302,2.259,4.68e-06,0.9899,0.0006545,0.02352,0.2068,0.9926,1.193,35.48,0.002411,0.9903,0.2053,0.0002711,0.4107
151,2.68,0.02984,0.06995,0.7867,4.609,0.4371,4.654,0.00293,0.0376,0.4065,4.077,0.7197,4.159,0.0007943,0.5992,0.3035,0.09967,0.4073,0.0376,0.03536,0,0.0007943,0.0003608,0.2048,-0.0004682,8.124e-13,8.944e-08,0.1768,0.4322,3.556e-06,1.544,0.1768,1.819,0.009322,9.582e-06,9.863e-13,0.02999,0.0002927,1.025e-05,0.00255,0.00255,0.01114,1.933e-07,0,-0.404,0.001525,0.0008077,0.0003804,0.0003804,0.9936,-0.3462,2.049,6.098e-07,0.9951,0.0003192,0.01088,0.09559,0.9964,0.9032,1.951,0.001181,0.9969,0.1282,0.0001328,0.3326
152,2.697,0.008557,0.07071,0.2183,3.0,0.2457,4.684,7.107e-13,0.024,0.2371,4.09,0.2183,2.671,5.853e-13,0.3368,0.2184,0.0636,0.2371,0.024,0.0357,0,0.0,0.0,0.1226,-0.002398,5.853e-13,1.303e-06,0.1785,0.4593,0.0,1.4,0.1785,1.848,0.05724,2.939e-12,7.107e-13,0.0,5.228e-05,2.949e-12,0.0,7.107e-13,0.05759,1.701e-14,0,0.08365,0.0002979,0.000474,0.0,0.0,1.0,-0.2708,2.049,0.0,1.0,0.0,0.002012,0.01789,1.0,0.6196,1.951,0.0,1.0,0.0,0.0,0.1834
